log_returns,log_returns_norm,out_log_returns,out_log_returns_norm,bin_output
,,-0.018072242851033826,,0
-0.018072242851033826,,-0.013628781972229395,,0
-0.013628781972229395,,0.0011428107642584596,,1
0.0011428107642584596,,0.015302109886872611,,1
0.015302109886872611,,-0.014540912588308795,,0
-0.014540912588308795,,-0.008980689554407173,,0
-0.008980689554407173,,-0.005581712138828554,,0
-0.005581712138828554,,-0.00969751561452791,,0
-0.00969751561452791,,-0.0060600589941354,,0
-0.0060600589941354,,0.016529272522494434,,1
0.016529272522494434,,-0.009495233981322402,,0
-0.009495233981322402,,0.0013619944551357482,,1
0.0013619944551357482,,0.016200935761871812,,1
0.016200935761871812,,-0.009804983717735527,,0
-0.009804983717735527,,0.0013515497649306124,,1
0.0013515497649306124,,-0.009888633728791972,,0
-0.009888633728791972,,-0.019677927473424773,,0
-0.019677927473424773,,0.010477486159633379,,1
0.010477486159633379,,-0.015458072240246238,,0
-0.015458072240246238,,0.019579418462099624,,1
0.019579418462099624,,-0.0013718707243384359,,0
-0.0013718707243384359,,0.018267095748271574,,1
0.018267095748271574,,0.011297394417679654,,1
0.011297394417679654,,0.009286485185920533,,1
0.009286485185920533,,-0.0015102517009587637,,0
-0.0015102517009587637,,0.0015102517009586845,,1
0.0015102517009586845,,0.008078960194075361,,1
0.008078960194075361,,0.004853512191678538,,1
0.004853512191678538,,0.006496514247521165,,1
0.006496514247521165,,-0.0012959308601659945,,0
-0.0012959308601659945,,-0.004642102888586166,,0
-0.004642102888586166,,0.0018594703673447714,,1
0.0018594703673447714,,0.006480875701205708,,1
0.006480875701205708,,-0.008340346068550442,,0
-0.008340346068550442,,0.0024166024946126537,,1
0.0024166024946126537,,-0.0046524694911610496,,0
-0.0046524694911610496,,-0.002614857434155732,,0
-0.002614857434155732,,-0.004122967200787999,,0
-0.004122967200787999,,0.013801070729136264,,1
0.013801070729136264,,-0.0005558609458937547,,0
-0.0005558609458937547,,-0.010432239832116844,,0
-0.010432239832116844,,0.004857067613212068,,1
0.004857067613212068,,0.0024197511516794693,,1
0.0024197511516794693,,0.005376872287416166,,1
0.005376872287416166,,-0.01415297600593671,,0
-0.01415297600593671,,0.0016865019077317593,,1
0.0016865019077317593,,0.014313850794814093,,1
0.014313850794814093,,-0.0113226380934745,,0
-0.0113226380934745,,0.01390327343622741,,1
0.01390327343622741,,0.0022066749251632607,,1
0.0022066749251632607,,0.014588206368586955,,1
0.014588206368586955,,-0.0061739826168084305,,0
-0.0061739826168084305,,0.013748377047045084,,1
0.013748377047045084,,-0.0025184289127446425,,0
-0.0025184289127446425,,-0.0027054128992007606,,0
-0.0027054128992007606,,-0.01272283213032436,,0
-0.01272283213032436,,0.0016448903548714547,,1
0.0016448903548714547,,-0.001644890354871476,,0
-0.001644890354871476,,0.010010149194139006,,1
0.010010149194139006,,-0.005447681048814501,,0
-0.005447681048814501,,0.0010919268517249727,,1
0.0010919268517249727,,0.0023617245591985828,,1
0.0023617245591985828,,0.0010880951247259232,,1
0.0010880951247259232,,-0.0019957694388413197,,0
-0.0019957694388413197,,0.009399932602666463,,1
0.009399932602666463,,0.006277457031038632,,1
0.006277457031038632,,-0.001252342846402726,,0
-0.001252342846402726,,-0.0005371793242459469,,0
-0.0005371793242459469,,0.0030402986159132894,,1
0.0030402986159132894,,0.007294754311755983,,1
0.007294754311755983,,0.0047749751597625035,,1
0.0047749751597625035,,-0.0033577591568617173,,0
-0.0033577591568617173,,0.003004830659520085,,1
0.003004830659520085,,-0.009932706379943554,,0
-0.009932706379943554,,0.004978719301515193,,1
0.004978719301515193,,-0.003197734155817324,,0
-0.003197734155817324,,-0.001959224234423186,,0
-0.001959224234423186,,-0.00393000188746709,,0
-0.00393000188746709,,0.007133997227125811,,1
0.007133997227125811,,0.004256042359315627,,1
0.004256042359315627,,-0.007103523298983021,,0
-0.007103523298983021,,0.004800443990249083,,1
0.004800443990249083,,0.00742180766417514,,1
0.00742180766417514,,-0.0038807140594273527,,0
-0.0038807140594273527,,0.004584707677770332,,1
0.004584707677770332,,0.0024600151225857778,,1
0.0024600151225857778,,0.0038535906878527267,,1
0.0038535906878527267,,-0.00034971949258165056,,0
-0.00034971949258165056,,-0.008959254360574542,,0
-0.008959254360574542,,-0.0012359796205527404,,0
-0.0012359796205527404,,0.0026466981113664797,,1
0.0026466981113664797,,-0.005300352250527531,,0
-0.005300352250527531,,0.008818399178860554,,1
0.008818399178860554,,0.012389986274072184,,1
0.012389986274072184,,0.0048442790753360524,,1
0.0048442790753360524,,-0.001208871510655465,,0
-0.001208871510655465,,-0.0032885988610619637,,0
-0.0032885988610619637,,-0.012034654968675155,,0
-0.012034654968675155,,0.006645656696908849,,1
0.006645656696908849,,0.001219400835929129,,1
0.001219400835929129,,-0.0064623216304759415,,0
-0.0064623216304759415,,-0.0022805214695439586,,0
-0.0022805214695439586,,0.004905451223789678,,1
0.004905451223789678,,0.006445435212667854,,1
0.006445435212667854,,-0.005572009769290789,,0
-0.005572009769290789,,0.00435578697228488,,1
0.00435578697228488,,-0.00435578697228482,,0
-0.00435578697228482,,0.004703439635702161,,1
0.004703439635702161,,0.007962636511871487,,1
0.007962636511871487,,0.005844956508649464,,1
0.005844956508649464,,-0.002574471986611301,,0
-0.002574471986611301,,-0.004823416465673557,,0
-0.004823416465673557,,0.006197310408105305,,1
0.006197310408105305,,0.0027420727783859966,,1
0.0027420727783859966,,0.008690492220459395,,1
0.008690492220459395,,-0.00390989952770157,,0
-0.00390989952770157,,0.005435714091196204,,1
0.005435714091196204,,0.0005081309950193182,,1
0.0005081309950193182,,-0.0059438450862156446,,0
-0.0059438450862156446,,-0.0003407233108534783,,0
-0.0003407233108534783,,0.007807285049985291,,1
0.007807285049985291,,-0.022568912388325448,,0
-0.022568912388325448,,0.006721255451713051,,1
0.006721255451713051,,0.01178189365885705,,1
0.01178189365885705,,-0.001528925005860024,,0
-0.001528925005860024,,-0.004259313046303813,,0
-0.004259313046303813,,0.003068538133022668,,1
0.003068538133022668,,-0.02098462336761538,,0
-0.02098462336761538,,0.004163088060420679,,1
0.004163088060420679,,0.01682153530719484,,1
0.01682153530719484,,0.006447274872316474,,1
0.006447274872316474,,0.005228949409099455,,1
0.005228949409099455,,0.01270498768250405,,1
0.01270498768250405,,0.012053304280844165,,1
0.012053304280844165,,-0.01006195062861186,,0
-0.01006195062861186,,0.0009942233281567162,,1
0.0009942233281567162,,-0.0008284191652577495,,0
-0.0008284191652577495,,0.0031443736806769616,,1
0.0031443736806769616,,-0.007962874470112033,,0
-0.007962874470112033,,0.03470068159074743,,1
0.03470068159074743,,-0.0154011436988066,,0
-0.0154011436988066,,-0.02213503280913987,,0
-0.02213503280913987,,0.02637374368075095,,1
0.02637374368075095,,0.005192283112207629,,1
0.005192283112207629,,-0.0029173489564683023,,0
-0.0029173489564683023,,0.011458191732401595,,1
0.011458191732401595,,0.00032088012128621735,,1
0.00032088012128621735,,0.005598646592951633,,1
0.005598646592951633,,-0.008168513841266076,,0
-0.008168513841266076,,-0.003382992866241496,,0
-0.003382992866241496,,0.01838724294333352,,1
0.01838724294333352,,-0.004127618536522274,,0
-0.004127618536522274,,-0.0062235800330107845,,0
-0.0062235800330107845,,-0.004331449035066598,,0
-0.004331449035066598,,0.0048115447313145125,,1
0.0048115447313145125,,0.0033543532131899215,,1
0.0033543532131899215,,-0.001276496363853757,,0
-0.001276496363853757,,-0.0017579007165404402,,0
-0.0017579007165404402,,-0.0224837513616691,,0
-0.0224837513616691,,-0.029550666167644176,,0
-0.029550666167644176,,-0.050451157956748094,,0
-0.050451157956748094,,-0.014458107787069453,,0
-0.014458107787069453,,0.034111292308886335,,1
0.034111292308886335,,0.021827806026642256,,1
0.021827806026642256,,0.001698632579916133,,1
0.001698632579916133,,-0.007837816495114088,,0
-0.007837816495114088,,-0.031097806151653293,,0
-0.031097806151653293,,0.01332188231938092,,1
0.01332188231938092,,0.004343678077456801,,1
0.004343678077456801,,-0.013615130318398486,,0
-0.013615130318398486,,0.01552039822286335,,1
0.01552039822286335,,-0.011486374739406537,,0
-0.011486374739406537,,0.0012245202912602804,,1
0.0012245202912602804,,0.007315799395297117,,1
0.007315799395297117,,-0.004696894150204887,,0
-0.004696894150204887,,0.01557127547686328,,1
0.01557127547686328,,0.005307800658253582,,1
0.005307800658253582,,-0.01392854370216075,,0
-0.01392854370216075,,-0.019054857692576692,,0
-0.019054857692576692,,0.014890324830684974,,1
0.014890324830684974,,-0.013479357577586315,,0
-0.013479357577586315,,0.0026401090715046324,,1
0.0026401090715046324,,-0.0007033746778229483,,0
-0.0007033746778229483,,0.009453868129009372,,1
0.009453868129009372,,-0.02024178413799138,,0
-0.02024178413799138,,0.00761666052357364,,1
0.00761666052357364,,-0.004775752312094843,,0
-0.004775752312094843,,0.0,,0
0.0,,0.0019483983810282966,,1
0.0019483983810282966,,0.013533917401600612,,1
0.013533917401600612,,-0.004023438406319435,,0
-0.004023438406319435,,0.010288697607380864,,1
0.010288697607380864,,0.0045006503903501265,,1
0.0045006503903501265,,0.0,,0
0.0,,0.0025872840684582426,,1
0.0025872840684582426,,-0.01108619347941908,,0
-0.01108619347941908,,-0.01262069741004341,,0
-0.01262069741004341,,0.01488256992290833,,1
0.01488256992290833,,0.009341028008416076,,1
0.009341028008416076,,-0.0020683003863302307,,0
-0.0020683003863302307,,0.0018960724720160614,,1
0.0018960724720160614,,-0.007779463009498143,,0
-0.007779463009498143,,0.01327492072327946,,1
0.01327492072327946,,0.010901136730798455,,1
0.010901136730798455,,-0.009874067602295698,,0
-0.009874067602295698,,-0.02933987825038883,,0
-0.02933987825038883,,0.028997639068730516,,1
0.028997639068730516,,0.004950943305525637,,1
0.004950943305525637,,-0.012165024550922426,,0
-0.012165024550922426,,0.01709151208142962,,1
0.01709151208142962,,-0.004415739601039812,,0
-0.004415739601039812,,-0.005804047584409336,,0
-0.005804047584409336,,0.0025647876642046737,,1
0.0025647876642046737,,0.020284619633704065,,1
0.020284619633704065,,-0.006884417391929474,,0
-0.006884417391929474,,0.01172544047508425,,1
0.01172544047508425,,-0.004506399385055872,,0
-0.004506399385055872,,-0.017550182090881657,,0
-0.017550182090881657,,-0.003239877331821544,,0
-0.003239877331821544,,0.0164313212025949,,1
0.0164313212025949,,0.002181775908701444,,1
0.002181775908701444,,0.005516991564464872,,1
0.005516991564464872,,0.003993377635389257,,1
0.003993377635389257,,0.005134546412371129,,1
0.005134546412371129,,-0.0011571155280679772,,0
-0.0011571155280679772,,0.006594180288988327,,1
0.006594180288988327,,-0.0026324438631336994,,0
-0.0026324438631336994,,0.004110157810273293,,1
0.004110157810273293,,-0.005429014434936676,,0
-0.005429014434936676,,0.009358901021577845,,1
0.009358901021577845,,-0.006393978607610972,,0
-0.006393978607610972,,-0.013745318888127052,,0
-0.013745318888127052,,0.016701476517676995,,1
0.016701476517676995,,-0.004272780862144245,,0
-0.004272780862144245,,-0.008933076918231662,,0
-0.008933076918231662,,-0.010859709613330236,,0
-0.010859709613330236,,0.0008396113582240244,,1
0.0008396113582240244,,-0.018635170404015956,,0
-0.018635170404015956,,-0.020733306272594693,,0
-0.020733306272594693,,0.01007480875552211,,1
0.01007480875552211,,0.007061078914135004,,1
0.007061078914135004,,-0.022211545712028654,,0
-0.022211545712028654,,-0.02901852096431,,0
-0.02901852096431,,0.0071994140160890055,,1
0.0071994140160890055,,0.015482162636370521,,1
0.015482162636370521,,0.010714085024558742,,1
0.010714085024558742,,0.0005239503872764927,,1
0.0005239503872764927,,0.000349170002219214,,1
0.000349170002219214,,0.009554476087547571,,1
0.009554476087547571,,-0.004331636320476181,,0
-0.004331636320476181,,-0.00749459377595685,,0
-0.00749459377595685,,-0.014804643960996526,,0
-0.014804643960996526,,0.012176955170686473,,1
0.012176955170686473,,-0.019483409292485338,,0
-0.019483409292485338,,-0.016955648230100186,,0
-0.016955648230100186,,-0.010055904370907514,,0
-0.010055904370907514,,0.0003674528491168371,,1
0.0003674528491168371,,0.003484049401940349,,1
0.003484049401940349,,-0.02052777758632753,,0
-0.02052777758632753,,0.007260562260052482,,1
0.007260562260052482,,-0.017967900177065836,,0
-0.017967900177065836,,-0.0015120364114052133,,0
-0.0015120364114052133,,-0.02315226533068804,,0
-0.02315226533068804,,0.002706349822877202,,1
0.002706349822877202,,0.024786764975066915,,1
0.024786764975066915,,-0.016711312864799908,,0
-0.016711312864799908,,0.01293778106170153,,1
0.01293778106170153,,-0.007399772023785328,,0
-0.007399772023785328,,0.009476947651443838,,1
0.009476947651443838,,0.024780063469719553,,1
0.024780063469719553,,-0.00018401254033138863,,0
-0.00018401254033138863,,-0.029323298230023286,,0
-0.029323298230023286,,-0.009904778937777753,,0
-0.009904778937777753,,0.00267634237313634,,1
0.00267634237313634,,0.008365041620103188,,1
0.008365041620103188,,-0.030369391305834142,,0
-0.030369391305834142,,-0.0025403250633874966,,0
-0.0025403250633874966,,-0.0011746550563795,,0
-0.0011746550563795,,-0.049593568400170214,,0
-0.049593568400170214,,0.03120814745115049,,1
0.03120814745115049,,0.019168677612646113,,1
0.019168677612646113,,0.023025079077332776,,1
0.023025079077332776,,-0.004024904092755827,,0
-0.004024904092755827,,-0.00365558127750064,,0
-0.00365558127750064,,0.011689327204663046,,1
0.011689327204663046,,-0.012846537996281491,,0
-0.012846537996281491,,-0.023034403461648683,,0
-0.023034403461648683,,0.01509093731618998,,1
0.01509093731618998,,0.014674878837098775,,1
0.014674878837098775,,-0.01837747733252634,,0
-0.01837747733252634,,0.033595633997686794,,1
0.033595633997686794,,0.008833764928964956,,1
0.008833764928964956,,-0.0028107900417915998,,0
-0.0028107900417915998,,0.0028107900417915473,,1
0.0028107900417915473,,0.004667235325746177,,1
0.004667235325746177,,-0.020320511512172956,,0
-0.020320511512172956,,0.004929822700535222,,1
0.004929822700535222,,0.0009452546016382268,,1
0.0009452546016382268,,0.035273780661444674,,1
0.035273780661444674,,-0.0021913619321300938,,0
-0.0021913619321300938,,-0.002196174547359541,,0
-0.002196174547359541,,0.007665636404190291,,1
0.007665636404190291,,0.013544225107757253,,1
0.013544225107757253,,-0.0007177627413103616,,0
-0.0007177627413103616,,-0.00485831748803183,,0
-0.00485831748803183,,-0.005970131140591103,,0
-0.005970131140591103,,-0.007467475594654542,,0
-0.007467475594654542,,-0.010475142834346142,,0
-0.010475142834346142,,0.005343119167082146,,1
0.005343119167082146,,-0.0031287072878073605,,0
-0.0031287072878073605,,0.010087187611148062,,1
0.010087187611148062,,-0.011747554245051372,,0
-0.011747554245051372,,0.009738226461556063,,1
0.009738226461556063,,-0.011586285996831057,,0
-0.011586285996831057,,-0.008545526642524896,,0
-0.008545526642524896,,0.0068793196398645754,,1
0.0068793196398645754,,-0.02134911341313318,,0
-0.02134911341313318,,0.010544205244552284,,1
0.010544205244552284,,0.0037390352739295972,,1
0.0037390352739295972,,0.021597483414839184,,1
0.021597483414839184,,0.011619651527260095,,1
0.011619651527260095,,0.000902106259250086,,1
0.000902106259250086,,0.0019818150479752722,,1
0.0019818150479752722,,0.004310313111111473,,1
0.004310313111111473,,0.009275850716667706,,1
0.009275850716667706,,0.012001561403367264,,1
0.012001561403367264,,-0.012712057278182991,,0
-0.012712057278182991,,0.014990180876227029,,1
0.014990180876227029,,-0.0015765992759342847,,0
-0.0015765992759342847,,0.002276461090975805,,1
0.002276461090975805,,0.020430079334476183,,1
0.020430079334476183,,-0.005671545999097605,,0
-0.005671545999097605,,-0.002243139035399967,,0
-0.002243139035399967,,0.0017259632848074548,,1
0.0017259632848074548,,-0.007269017445655155,,0
-0.007269017445655155,,0.004160201462868096,,1
0.004160201462868096,,0.00241878810160412,,1
0.00241878810160412,,0.0032733016815282897,,1
0.0032733016815282897,,0.0010314832135505537,,1
0.0010314832135505537,,0.010086420140687528,,1
0.010086420140687528,,-0.003919894882941195,,0
-0.003919894882941195,,-0.00017081609090016252,,0
-0.00017081609090016252,,-0.004278996743156809,,0
-0.004278996743156809,,0.0035955708433012402,,1
0.0035955708433012402,,-0.0011970877299714113,,0
-0.0011970877299714113,,0.0208287874643004,,1
0.0208287874643004,,-0.009936862191657379,,0
-0.009936862191657379,,0.009098581678560952,,1
0.009098581678560952,,-0.0030236930288564893,,0
-0.0030236930288564893,,0.018171712431000735,,1
0.018171712431000735,,-0.0009916952646422488,,0
-0.0009916952646422488,,-0.0009927428472639944,,0
-0.0009927428472639944,,0.008735099397651025,,1
0.008735099397651025,,0.011259031282814762,,1
0.011259031282814762,,-0.003250462161545829,,0
-0.003250462161545829,,0.0013014157888722004,,1
0.0013014157888722004,,-0.017383146250768866,,0
-0.017383146250768866,,0.007088141416228294,,1
0.007088141416228294,,0.000985019924399487,,1
0.000985019924399487,,0.0034401360637999223,,1
0.0034401360637999223,,-0.008375155817277498,,0
-0.008375155817277498,,-0.0076146549960028715,,0
-0.0076146549960028715,,-0.004830540187787937,,0
-0.004830540187787937,,-0.0010022980789308016,,0
-0.0010022980789308016,,-0.008392126873472806,,0
-0.008392126873472806,,0.010395783067028425,,1
0.010395783067028425,,0.0023325466853731814,,1
0.0023325466853731814,,0.010429712306021676,,1
0.010429712306021676,,0.0034525160778516237,,1
0.0034525160778516237,,0.0026225198903988187,,1
0.0026225198903988187,,0.021056807180420967,,1
0.021056807180420967,,-0.04558164086893695,,0
-0.04558164086893695,,-0.03291285720337936,,0
-0.03291285720337936,,0.01650654890240919,,1
0.01650654890240919,,0.02675351228542433,,1
0.02675351228542433,,0.026056372312078833,,1
0.026056372312078833,,-0.0017809542704371021,,0
-0.0017809542704371021,,-0.02178803552843412,,0
-0.02178803552843412,,0.002976689837151749,,1
0.002976689837151749,,-0.00033031308947157776,,0
-0.00033031308947157776,,0.012801730310582096,,1
0.012801730310582096,,0.002280492779187082,,1
0.002280492779187082,,0.00971513934264793,,1
0.00971513934264793,,-0.005007705640587748,,0
-0.005007705640587748,,0.007903931329703403,,1
0.007903931329703403,,0.004968317877856674,,1
0.004968317877856674,,-0.001599975927255286,,0
-0.001599975927255286,,-0.0008009489598220718,,0
-0.0008009489598220718,,-0.0009620230417060123,,0
-0.0009620230417060123,,-0.0057915318129286245,,0
-0.0057915318129286245,,0.0043467903708824555,,1
0.0043467903708824555,,-0.006608128598187826,,0
-0.006608128598187826,,-0.0032394061965889645,,0
-0.0032394061965889645,,-0.003901140545495706,,0
-0.003901140545495706,,0.009563248785695458,,1
0.009563248785695458,,-0.0019377165112061346,,0
-0.0019377165112061346,,-0.009418679843763534,,0
-0.009418679843763534,,-0.005562843990525448,,0
-0.005562843990525448,,0.00979597179027557,,1
0.00979597179027557,,-0.0050492420375235205,,0
-0.0050492420375235205,,0.014106418200659644,,1
0.014106418200659644,,-0.002740864024411471,,0
-0.002740864024411471,,0.0027408640244116086,,1
0.0027408640244116086,,-0.0012888970923685226,,0
-0.0012888970923685226,,-0.0012904989152300347,,0
-0.0012904989152300347,,-0.013815779186477174,,0
-0.013815779186477174,,0.018003902606124236,,1
0.018003902606124236,,-0.00289762450441701,,0
-0.00289762450441701,,0.005947180522780987,,1
0.005947180522780987,,0.002081122228757676,,1
0.002081122228757676,,0.005899765907873678,,1
0.005899765907873678,,-0.0028657924603073355,,0
-0.0028657924603073355,,0.003978046381228937,,1
0.003978046381228937,,0.006805443624548301,,1
0.006805443624548301,,0.0062892928817749934,,1
0.0062892928817749934,,-0.005658622712937409,,0
-0.005658622712937409,,0.008944798847789774,,1
0.008944798847789774,,0.00840081004277791,,1
0.00840081004277791,,0.0020118748570704574,,1
0.0020118748570704574,,-0.0006186346566264126,,0
-0.0006186346566264126,,0.00678390571576063,,1
0.00678390571576063,,-0.0004610586137348907,,0
-0.0004610586137348907,,-0.0032336114842417573,,0
-0.0032336114842417573,,0.00015424684479002607,,1
0.00015424684479002607,,-0.007429158499904352,,0
-0.007429158499904352,,0.005268006187826489,,1
0.005268006187826489,,-0.0044916194416625985,,0
-0.0044916194416625985,,0.0003104807159225125,,1
0.0003104807159225125,,0.004799104384371327,,1
0.004799104384371327,,-0.014153745047932603,,0
-0.014153745047932603,,0.0035962753560538517,,1
0.0035962753560538517,,0.004671497845421362,,1
0.004671497845421362,,0.012965088632244041,,1
0.012965088632244041,,-0.005381707075969491,,0
-0.005381707075969491,,-0.0156945517087849,,0
-0.0156945517087849,,-0.010232245356040892,,0
-0.010232245356040892,,0.004420575222421999,,1
0.004420575222421999,,0.0070638511051678825,,1
0.0070638511051678825,,-0.011009874721365893,,0
-0.011009874721365893,,0.010383980230226944,,1
0.010383980230226944,,-0.0018799775555543774,,0
-0.0018799775555543774,,0.0020365177571230924,,1
0.0020365177571230924,,0.012750906348874838,,1
0.012750906348874838,,-0.005267308402910012,,0
-0.005267308402910012,,0.0,,0
0.0,,0.006811209796728828,,1
0.006811209796728828,,-0.009455245457724314,,0
-0.009455245457724314,,0.002799384523484225,,1
0.002799384523484225,,-0.012030462539098665,,0
-0.012030462539098665,,0.0018844657901989418,,1
0.0018844657901989418,,-0.00015693317886896743,,0
-0.00015693317886896743,,0.00905970004033954,,1
0.00905970004033954,,0.0017090132956713293,,1
0.0017090132956713293,,-0.00826127041826421,,0
-0.00826127041826421,,-0.006437956614028818,,0
-0.006437956614028818,,0.0028315310099670684,,1
0.0028315310099670684,,-0.0074103804043907495,,0
-0.0074103804043907495,,-0.0003165631281715903,,0
-0.0003165631281715903,,0.002687567595057603,,1
0.002687567595057603,,0.0004735029606837665,,1
0.0004735029606837665,,0.0006310288253644531,,1
0.0006310288253644531,,-0.0012623958643206575,,0
-0.0012623958643206575,,-0.0003158631936811436,,0
-0.0003158631936811436,,0.007866623154250544,,1
0.007866623154250544,,-0.002510590425444246,,0
-0.002510590425444246,,0.019448298244899975,,1
0.019448298244899975,,0.00813322632452892,,1
0.00813322632452892,,0.03173915496695256,,1
0.03173915496695256,,0.02990079771992563,,1
0.02990079771992563,,0.006160041351339714,,1
0.006160041351339714,,0.011219331601390594,,1
0.011219331601390594,,-0.011647855005903221,,0
-0.011647855005903221,,-0.011351525656432899,,0
-0.011351525656432899,,0.013777581737391556,,1
0.013777581737391556,,-0.001426417338490869,,0
-0.001426417338490869,,0.004557109946425088,,1
0.004557109946425088,,0.004112035924431076,,1
0.004112035924431076,,0.0035313265945793254,,1
0.0035313265945793254,,0.002534859960756857,,1
0.002534859960756857,,-0.021466489115487198,,0
-0.021466489115487198,,0.0011489565275206845,,1
0.0011489565275206845,,0.006010295503357638,,1
0.006010295503357638,,0.017957418561326204,,1
0.017957418561326204,,-0.005339302312460379,,0
-0.005339302312460379,,0.00771873054225542,,1
0.00771873054225542,,0.01056889462217107,,1
0.01056889462217107,,0.013738366752751204,,1
0.013738366752751204,,0.009640906774565689,,1
0.009640906774565689,,-0.004197955294494956,,0
-0.004197955294494956,,-0.008996838992747893,,0
-0.008996838992747893,,0.006143007114994186,,1
0.006143007114994186,,-0.0004084449608145102,,0
-0.0004084449608145102,,0.003940502765126459,,1
0.003940502765126459,,-0.005302880049954333,,0
-0.005302880049954333,,0.013406631821198754,,1
0.013406631821198754,,0.0061688101718543435,,1
0.0061688101718543435,,0.00040097278246170473,,1
0.00040097278246170473,,-0.0028102939611969542,,0
-0.0028102939611969542,,-0.004701548118444547,,0
-0.004701548118444547,,0.0029578030279486327,,1
0.0029578030279486327,,-0.008222741355321382,,0
-0.008222741355321382,,-0.003389604076640376,,0
-0.003389604076640376,,0.0017640941321089023,,1
0.0017640941321089023,,0.0021667943524192055,,1
0.0021667943524192055,,0.009827141862973066,,1
0.009827141862973066,,-0.006181141316721808,,0
-0.006181141316721808,,0.005376997761633153,,1
0.005376997761633153,,-0.009158214525531304,,0
-0.009158214525531304,,0.0013520617284332578,,1
0.0013520617284332578,,-0.0035192528535241325,,0
-0.0035192528535241325,,-0.0047570388109186065,,0
-0.0047570388109186065,,0.0065181617457686775,,1
0.0065181617457686775,,-0.01198267700638817,,0
-0.01198267700638817,,0.011034749556665717,,1
0.011034749556665717,,-0.0025774254466297405,,0
-0.0025774254466297405,,0.0050131548071512405,,1
0.0050131548071512405,,-0.005420822890754041,,0
-0.005420822890754041,,0.009063380341015814,,1
0.009063380341015814,,0.005773769540325111,,1
0.005773769540325111,,0.0022734635733579244,,1
0.0022734635733579244,,-0.004149628483058056,,0
-0.004149628483058056,,-0.006729500220533729,,0
-0.006729500220533729,,-0.0069110936034262995,,0
-0.0069110936034262995,,0.0,,0
0.0,,0.001630472410804098,,1
0.001630472410804098,,0.007977816949499854,,1
0.007977816949499854,,0.0018837383156882015,,1
0.0018837383156882015,,-0.002826939823062393,,0
-0.002826939823062393,,-0.00472939830340345,,0
-0.00472939830340345,,0.008362540267283116,,1
0.008362540267283116,,0.006293134996441034,,1
0.006293134996441034,,0.012468691170760073,,1
0.012468691170760073,,0.00407811603912769,,1
0.00407811603912769,,0.010707855197458285,,1
0.010707855197458285,,0.005569605955474442,,1
0.005569605955474442,,-0.003882435581892714,,0
-0.003882435581892714,,0.00181369897134126,,1
0.00181369897134126,,0.003230602966103072,,1
0.003230602966103072,,0.0006448110426766401,,1
0.0006448110426766401,,-0.00012886992212553163,,0
-0.00012886992212553163,,-0.001032148573760113,,0
-0.001032148573760113,,0.0007741620850356636,,1
0.0007741620850356636,,0.01497817416030201,,1
0.01497817416030201,,-0.010473971409104749,,0
-0.010473971409104749,,0.00397264812329222,,1
0.00397264812329222,,-0.003459157525326225,,0
-0.003459157525326225,,0.0014107166495290688,,1
0.0014107166495290688,,-0.0056548467770031466,,0
-0.0056548467770031466,,0.00795899919986265,,1
0.00795899919986265,,0.0016607765838240218,,1
0.0016607765838240218,,0.0005104762382814522,,1
0.0005104762382814522,,0.0003827592178395732,,1
0.0003827592178395732,,0.0028017541255135545,,1
0.0028017541255135545,,0.0010169294497420558,,1
0.0010169294497420558,,-0.001016929449741994,,0
-0.001016929449741994,,-0.002674297558112132,,0
-0.002674297558112132,,-0.023873622375399334,,0
-0.023873622375399334,,-0.001176038503348037,,0
-0.001176038503348037,,0.0010454026197969136,,1
0.0010454026197969136,,0.00039175685114052177,,1
0.00039175685114052177,,-0.003269472761002413,,0
-0.003269472761002413,,0.007568897569875454,,1
0.007568897569875454,,-0.008879665589781345,,0
-0.008879665589781345,,0.012124525415831592,,1
0.012124525415831592,,-0.0016859773683037679,,0
-0.0016859773683037679,,-0.004944671650456289,,0
-0.004944671650456289,,0.0020849112219444446,,1
0.0020849112219444446,,-0.010337035760350662,,0
-0.010337035760350662,,0.00302059925708121,,1
0.00302059925708121,,-0.0013121438743527963,,0
-0.0013121438743527963,,-0.000919636507752998,,0
-0.000919636507752998,,0.001838327977315733,,1
0.001838327977315733,,-0.01108049790940228,,0
-0.01108049790940228,,-0.012143954087266718,,0
-0.012143954087266718,,0.014264051072208437,,1
0.014264051072208437,,-0.0073066155763197365,,0
-0.0073066155763197365,,-0.0032051023744374073,,0
-0.0032051023744374073,,0.01645032912445807,,1
0.01645032912445807,,0.004332729512711102,,1
0.004332729512711102,,0.012369104309372238,,1
0.012369104309372238,,-0.00012943560712631988,,0
-0.00012943560712631988,,-0.002591642671108346,,0
-0.002591642671108346,,0.004660210509764252,,1
0.004660210509764252,,-0.009342240303654359,,0
-0.009342240303654359,,0.0024738303176868193,,1
0.0024738303176868193,,-0.001822197384482171,,0
-0.001822197384482171,,0.0015620299669692535,,1
0.0015620299669692535,,-0.0022136629001739973,,0
-0.0022136629001739973,,0.001563146675801976,,1
0.001563146675801976,,-0.0027370375927865047,,0
-0.0027370375927865047,,-0.007598645459001159,,0
-0.007598645459001159,,0.0010515488499094373,,1
0.0010515488499094373,,-0.007119356362161475,,0
-0.007119356362161475,,-0.004508746107440497,,0
-0.004508746107440497,,0.010313443361932198,,1
0.010313443361932198,,-0.005011183681450756,,0
-0.005011183681450756,,-0.02043475152207347,,0
-0.02043475152207347,,0.006187793264210309,,1
0.006187793264210309,,-0.0026856058167045176,,0
-0.0026856058167045176,,0.0050965406242709215,,1
0.0050965406242709215,,0.0041385489100159226,,1
0.0041385489100159226,,-0.004004750018938684,,0
-0.004004750018938684,,0.011834449242734987,,1
0.011834449242734987,,-0.005567328210205929,,0
-0.005567328210205929,,0.0005314722534777834,,1
0.0005314722534777834,,0.0030510518070992546,,1
0.0030510518070992546,,0.014333815852063437,,1
0.014333815852063437,,-0.0015679490877452105,,0
-0.0015679490877452105,,-0.008008978712781707,,0
-0.008008978712781707,,-0.014071618527183628,,0
-0.014071618527183628,,-0.0012039860460371144,,0
-0.0012039860460371144,,0.0077333962887486726,,1
0.0077333962887486726,,0.01933636294745109,,1
0.01933636294745109,,-0.0016950898293070945,,0
-0.0016950898293070945,,0.004297185321118162,,1
0.004297185321118162,,-0.0002598654058567344,,0
-0.0002598654058567344,,0.0006495864876525754,,1
0.0006495864876525754,,0.003241914360162676,,1
0.003241914360162676,,0.006838279638695445,,1
0.006838279638695445,,-0.007226739078861962,,0
-0.007226739078861962,,-0.01395522752492152,,0
-0.01395522752492152,,-0.006588507217083494,,0
-0.006588507217083494,,0.0005286930549795361,,1
0.0005286930549795361,,0.003692945115256668,,1
0.003692945115256668,,-0.0038251173827938364,,0
-0.0038251173827938364,,0.014953051717049592,,1
0.014953051717049592,,-0.006399785084188236,,0
-0.006399785084188236,,0.002355717691093447,,1
0.002355717691093447,,0.009756174945364656,,1
0.009756174945364656,,-0.005842235887799314,,0
-0.005842235887799314,,-0.0009118699505335282,,0
-0.0009118699505335282,,0.011789940499984438,,1
0.011789940499984438,,0.002829599581893386,,1
0.002829599581893386,,-0.005279822561464376,,0
-0.005279822561464376,,0.004508942950088618,,1
0.004508942950088618,,0.005511778198041876,,1
0.005511778198041876,,-0.0010231722155783773,,0
-0.0010231722155783773,,0.0028111597186298697,,1
0.0028111597186298697,,-0.0035792753325441322,,0
-0.0035792753325441322,,0.0015355441289330036,,1
0.0015355441289330036,,0.00038349351549625505,,1
0.00038349351549625505,,0.0010219959027282844,,1
0.0010219959027282844,,0.002168206596397328,,1
0.002168206596397328,,0.0038148959553107203,,1
0.0038148959553107203,,-0.010590233981630923,,0
-0.010590233981630923,,0.010717172695916136,,1
0.010717172695916136,,0.0011414337785327054,,1
0.0011414337785327054,,0.001013579597041465,,1
0.001013579597041465,,0.0018976730612890963,,1
0.0018976730612890963,,-0.002404334441865392,,0
-0.002404334441865392,,-0.0011409517520938241,,0
-0.0011409517520938241,,0.0029130963886432326,,1
0.0029130963886432326,,-0.0011388338611778399,,0
-0.0011388338611778399,,0.0036650061388740756,,1
0.0036650061388740756,,-0.0005046471543414731,,0
-0.0005046471543414731,,-0.009893617068258108,,0
-0.009893617068258108,,-0.0037033856898320843,,0
-0.0037033856898320843,,0.0077741165097915226,,1
0.0077741165097915226,,0.0011419650908388711,,1
0.0011419650908388711,,-0.001395858483423645,,0
-0.001395858483423645,,-0.024422827576426036,,0
-0.024422827576426036,,-0.0031278256335908875,,0
-0.0031278256335908875,,-0.0011755237936899477,,0
-0.0011755237936899477,,0.011822205637908543,,1
0.011822205637908543,,-0.0016803112671660684,,0
-0.0016803112671660684,,-0.002590734294401081,,0
-0.002590734294401081,,0.007751957319061854,,1
0.007751957319061854,,-0.006326247634340881,,0
-0.006326247634340881,,-0.005194162237512926,,0
-0.005194162237512926,,0.0016911208298641483,,1
0.0016911208298641483,,0.00038982235024334866,,1
0.00038982235024334866,,0.007120172872720672,,1
0.007120172872720672,,-0.021514538727269866,,0
-0.021514538727269866,,0.002369673282465787,,1
0.002369673282465787,,-0.018178736073641084,,0
-0.018178736073641084,,0.018441642237466187,,1
0.018441642237466187,,0.010071325244027261,,1
0.010071325244027261,,0.01215902279183374,,1
0.01215902279183374,,-0.008003077534526636,,0
-0.008003077534526636,,-0.0029853140609969837,,0
-0.0029853140609969837,,0.0037625852064401316,,1
0.0037625852064401316,,0.0040064358417427485,,1
0.0040064358417427485,,0.0046326246098319585,,1
0.0046326246098319585,,0.009328587832829827,,1
0.009328587832829827,,0.00038149397654672776,,1
0.00038149397654672776,,-0.0001271808275889829,,0
-0.0001271808275889829,,0.0035541898754379263,,1
0.0035541898754379263,,-0.0006336957189461592,,0
-0.0006336957189461592,,0.012223623901038516,,1
0.012223623901038516,,-0.00125327097184367,,0
-0.00125327097184367,,0.004379641447402747,,1
0.004379641447402747,,0.0029922163692154696,,1
0.0029922163692154696,,0.0009954191231375488,,1
0.0009954191231375488,,-0.0011199399590963272,,0
-0.0011199399590963272,,0.006082037889751279,,1
0.006082037889751279,,0.0,,0
0.0,,-0.0034709193845824885,,0
-0.0034709193845824885,,0.004954816629383002,,1
0.004954816629383002,,0.002098355028112486,,1
0.002098355028112486,,0.005288093395794242,,1
0.005288093395794242,,0.0009807752576552135,,1
0.0009807752576552135,,0.0053770437699452766,,1
0.0053770437699452766,,-0.0019519789011919442,,0
-0.0019519789011919442,,0.0032917343644140364,,1
0.0032917343644140364,,0.00449323862036919,,1
0.00449323862036919,,0.007123531020977449,,1
0.007123531020977449,,0.006953561200214894,,1
0.006953561200214894,,0.002148232254773886,,1
0.002148232254773886,,0.008310680403596464,,1
0.008310680403596464,,0.005894158160467888,,1
0.005894158160467888,,-0.001411465135952773,,0
-0.001411465135952773,,-0.005192393687416694,,0
-0.005192393687416694,,-0.004624964114389483,,0
-0.004624964114389483,,0.007460569687541807,,1
0.007460569687541807,,0.009160354898294025,,1
0.009160354898294025,,-0.0014038695242585655,,0
-0.0014038695242585655,,0.0030391857238832136,,1
0.0030391857238832136,,-0.005852761623518385,,0
-0.005852761623518385,,0.0007041140912706704,,1
0.0007041140912706704,,-0.008719247805926214,,0
-0.008719247805926214,,-0.002844252459415974,,0
-0.002844252459415974,,0.005090277857357265,,1
0.005090277857357265,,0.005769108316714308,,1
0.005769108316714308,,0.0022281151171146714,,1
0.0022281151171146714,,-0.00422586143646452,,0
-0.00422586143646452,,0.005045482027961615,,1
0.005045482027961615,,-0.00422239193279519,,0
-0.00422239193279519,,0.0022306415320728747,,1
0.0022306415320728747,,-0.0011734157315061973,,0
-0.0011734157315061973,,-0.00011735462619583825,,0
-0.00011735462619583825,,0.006787553226645282,,1
0.006787553226645282,,0.02066214154361873,,1
0.02066214154361873,,0.01766547582858767,,1
0.01766547582858767,,-0.0026975161998138305,,0
-0.0026975161998138305,,-0.003608073592632987,,0
-0.003608073592632987,,0.009779235413088994,,1
0.009779235413088994,,-0.004484329515325143,,0
-0.004484329515325143,,0.0003370081422962272,,1
0.0003370081422962272,,0.0015712617379266373,,1
0.0015712617379266373,,0.008709286856910177,,1
0.008709286856910177,,-0.0035638717435602252,,0
-0.0035638717435602252,,0.0015607516480570416,,1
0.0015607516480570416,,-0.0051373700142898285,,0
-0.0051373700142898285,,-0.005051331983029997,,0
-0.005051331983029997,,0.00840482333087755,,1
0.00840482333087755,,0.002897284524677007,,1
0.002897284524677007,,0.002999798259346557,,1
0.002999798259346557,,0.003101451124558542,,1
0.003101451124558542,,0.0009949038253184341,,1
0.0009949038253184341,,0.0019867589385946724,,1
0.0019867589385946724,,-0.0006618706185729514,,0
-0.0006618706185729514,,0.0006618706185729854,,1
0.0006618706185729854,,0.00516912016998749,,1
0.00516912016998749,,-0.004948650015861761,,0
-0.004948650015861761,,-0.005527319014246578,,0
-0.005527319014246578,,0.0028780420108534127,,1
0.0028780420108534127,,0.0025390059438117393,,1
0.0025390059438117393,,0.003961279621306144,,1
0.003961279621306144,,0.002960737656689642,,1
0.002960737656689642,,0.008069813232785576,,1
0.008069813232785576,,0.00746638143183378,,1
0.00746638143183378,,0.0010774537476078597,,1
0.0010774537476078597,,-0.006590706243953689,,0
-0.006590706243953689,,-0.009038030046076655,,0
-0.009038030046076655,,0.006650344712018486,,1
0.006650344712018486,,-0.004028478552411523,,0
-0.004028478552411523,,0.00533158164030764,,1
0.00533158164030764,,0.006813385492158785,,1
0.006813385492158785,,-0.00010781068700526453,,0
-0.00010781068700526453,,0.0032286194389989464,,1
0.0032286194389989464,,-0.0038755631749097306,,0
-0.0038755631749097306,,0.006558112139304152,,1
0.006558112139304152,,-0.010557066463150374,,0
-0.010557066463150374,,-0.010998036667508164,,0
-0.010998036667508164,,-0.005269562705768044,,0
-0.005269562705768044,,-0.0012115273531013953,,0
-0.0012115273531013953,,-0.02827792580176986,,0
-0.02827792580176986,,-0.04937984084361909,,0
-0.04937984084361909,,-0.0064524172291340375,,0
-0.0064524172291340375,,-0.001679657170075713,,0
-0.001679657170075713,,-0.03370285056798548,,0
-0.03370285056798548,,0.025988258344806163,,1
0.025988258344806163,,0.010712016728150734,,1
0.010712016728150734,,0.00608705271688093,,1
0.00608705271688093,,0.026536746580833954,,1
0.026536746580833954,,-0.002087929062920101,,0
-0.002087929062920101,,0.00613532938263541,,1
0.00613532938263541,,-0.0031208980352461246,,0
-0.0031208980352461246,,-0.0024340677337042877,,0
-0.0024340677337042877,,-0.00616961140780906,,0
-0.00616961140780906,,0.010107582291196775,,1
0.010107582291196775,,0.012520941637902646,,1
0.012520941637902646,,-0.006987835561383409,,0
-0.006987835561383409,,-0.01879836176735472,,0
-0.01879836176735472,,-0.026108099330109852,,0
-0.026108099330109852,,-0.002528130979285197,,0
-0.002528130979285197,,0.013766920345429742,,1
0.013766920345429742,,0.0072262424708948335,,1
0.0072262424708948335,,0.0014153708297613842,,1
0.0014153708297613842,,0.00915184626395366,,1
0.00915184626395366,,0.019889573332521466,,1
0.019889573332521466,,-0.0036705674121067355,,0
-0.0036705674121067355,,-0.007381802979907467,,0
-0.007381802979907467,,-0.013285353566996018,,0
-0.013285353566996018,,0.0035133313326229693,,1
0.0035133313326229693,,0.0005842976051898929,,1
0.0005842976051898929,,-0.0017540073204717122,,0
-0.0017540073204717122,,0.006881654657588339,,1
0.006881654657588339,,0.0003486405978164629,,1
0.0003486405978164629,,-0.026253738549559622,,0
-0.026253738549559622,,-0.03545348941097614,,0
-0.03545348941097614,,0.03890691240399496,,1
0.03890691240399496,,-0.011357699620471028,,0
-0.011357699620471028,,0.006352257169973505,,1
0.006352257169973505,,0.005599600434478627,,1
0.005599600434478627,,-0.023683276533114708,,0
-0.023683276533114708,,0.016649013991452136,,1
0.016649013991452136,,0.01201173409588191,,1
0.01201173409588191,,0.0043645336941876695,,1
0.0043645336941876695,,-0.02358089135819551,,0
-0.02358089135819551,,0.0020465686304031623,,1
0.0020465686304031623,,0.012192317479385427,,1
0.012192317479385427,,-0.008950474650270294,,0
-0.008950474650270294,,0.009663125362671193,,1
0.009663125362671193,,0.0013050127159817972,,1
0.0013050127159817972,,0.008853271925771502,,1
0.008853271925771502,,0.0031681373204258054,,1
0.0031681373204258054,,0.004091880085284024,,1
0.004091880085284024,,0.017464182181194415,,1
0.017464182181194415,,-0.00045872609952762454,,0
-0.00045872609952762454,,-0.0033320064840737253,,0
-0.0033320064840737253,,-0.008901239438036944,,0
-0.008901239438036944,,0.004055842700748658,,1
0.004055842700748658,,0.0034633540282663516,,1
0.0034633540282663516,,0.008606399199806013,,1
0.008606399199806013,,-0.008952186538236314,,0
-0.008952186538236314,,-0.0006919335903701845,,0
-0.0006919335903701845,,-0.021102473845065698,,0
-0.021102473845065698,,-0.009233096048883888,,0
-0.009233096048883888,,0.016160809208018805,,1
0.016160809208018805,,-0.00023401571654916935,,0
-0.00023401571654916935,,-0.0046926589868595886,,0
-0.0046926589868595886,,-0.00023526135293887166,,0
-0.00023526135293887166,,0.0042253657143024115,,1
0.0042253657143024115,,0.001638378302690077,,1
0.001638378302690077,,-0.009044481203030247,,0
-0.009044481203030247,,0.0016505472994054532,,1
0.0016505472994054532,,0.004818196714429689,,1
0.004818196714429689,,0.004328194328209879,,1
0.004328194328209879,,-0.00035022800806763766,,0
-0.00035022800806763766,,0.010916406568000027,,1
0.010916406568000027,,0.004724281799716103,,1
0.004724281799716103,,-0.0047242817997161304,,0
-0.0047242817997161304,,-0.004282693560438384,,0
-0.004282693560438384,,-0.005816675372993812,,0
-0.005816675372993812,,-0.030563879725709675,,0
-0.030563879725709675,,0.023421403145511156,,1
0.023421403145511156,,-0.0031777422442733744,,0
-0.0031777422442733744,,0.011136589453474972,,1
0.011136589453474972,,-0.007019196780324138,,0
-0.007019196780324138,,-0.0029392766926034687,,0
-0.0029392766926034687,,0.006922836078409545,,1
0.006922836078409545,,0.001635787475319574,,1
0.001635787475319574,,0.006748067451015699,,1
0.006748067451015699,,-0.006514652688623075,,0
-0.006514652688623075,,-0.012448751951545893,,0
-0.012448751951545893,,-0.0033144728521328076,,0
-0.0033144728521328076,,-0.0016613198934976958,,0
-0.0016613198934976958,,0.003319974690254454,,1
0.003319974690254454,,-0.004270476209120716,,0
-0.004270476209120716,,0.0017815064635489353,,1
0.0017815064635489353,,-0.002613993785346823,,0
-0.002613993785346823,,-0.004172955128699587,,0
-0.004172955128699587,,-0.00023893707121127556,,0
-0.00023893707121127556,,-0.0007172451891383123,,0
-0.0007172451891383123,,-0.007201256584760261,,0
-0.007201256584760261,,-0.02019774294748496,,0
-0.02019774294748496,,-0.002584446478376828,,0
-0.002584446478376828,,0.0031988478056273,,1
0.0031988478056273,,0.006122967667033073,,1
0.006122967667033073,,0.0020732754941794095,,1
0.0020732754941794095,,0.0025552010126120425,,1
0.0025552010126120425,,0.006057687465901165,,1
0.006057687465901165,,0.024695554757488247,,1
0.024695554757488247,,-0.0010611799468090788,,0
-0.0010611799468090788,,-0.01162798746817653,,0
-0.01162798746817653,,-0.004785288771993888,,0
-0.004785288771993888,,0.0004795697921971134,,1
0.0004795697921971134,,0.0122700780941736,,1
0.0122700780941736,,0.001183274024077766,,1
0.001183274024077766,,0.00847863341337249,,1
0.00847863341337249,,-0.015480339370629512,,0
-0.015480339370629512,,-0.005972306245745148,,0
-0.005972306245745148,,0.010487490415027792,,1
0.010487490415027792,,0.002013362128104572,,1
0.002013362128104572,,-0.007720139285824663,,0
-0.007720139285824663,,0.034108152559157105,,1
0.034108152559157105,,0.010887788101103212,,1
0.010887788101103212,,0.0050027939269481105,,1
0.0050027939269481105,,-0.0011347989793965851,,0
-0.0011347989793965851,,-0.00981295661128663,,0
-0.00981295661128663,,-0.009562857004880935,,0
-0.009562857004880935,,0.0056566441529308,,1
0.0056566441529308,,0.004593942820172021,,1
0.004593942820172021,,0.002974855089082115,,1
0.002974855089082115,,0.005582445446404492,,1
0.005582445446404492,,-0.00558244544640457,,0
-0.00558244544640457,,-0.010566288408156056,,0
-0.010566288408156056,,-0.003469851444995191,,0
-0.003469851444995191,,0.009111428394671495,,1
0.009111428394671495,,-0.0032198599833480565,,0
-0.0032198599833480565,,0.013045148921702067,,1
0.013045148921702067,,0.002498028112509859,,1
0.002498028112509859,,0.001925998104243969,,1
0.001925998104243969,,0.009462771556346582,,1
0.009462771556346582,,-0.004720235787064294,,0
-0.004720235787064294,,-0.011556854918170153,,0
-0.011556854918170153,,0.00760630534351854,,1
0.00760630534351854,,0.0031616872206525204,,1
0.0031616872206525204,,-0.005086159096740206,,0
-0.005086159096740206,,-0.00147414271060753,,0
-0.00147414271060753,,-0.004663645577626555,,0
-0.004663645577626555,,0.0023913817438209646,,1
0.0023913817438209646,,0.0035197900125498575,,1
0.0035197900125498575,,0.009812238069755893,,1
0.009812238069755893,,-0.005514592404021334,,0
-0.005514592404021334,,-0.0024858907796313575,,0
-0.0024858907796313575,,-0.045480795501622866,,0
-0.045480795501622866,,0.00472480830060862,,1
0.00472480830060862,,-0.006739602095604545,,0
-0.006739602095604545,,0.009916222761552183,,1
0.009916222761552183,,0.01988783520674412,,1
0.01988783520674412,,-0.012398046975779268,,0
-0.012398046975779268,,0.0023291565219839922,,1
0.0023291565219839922,,0.013861801632395941,,1
0.013861801632395941,,0.013219607468819694,,1
0.013219607468819694,,0.006319821900470349,,1
0.006319821900470349,,-0.009040665837872934,,0
-0.009040665837872934,,-0.005920507500143566,,0
-0.005920507500143566,,-0.011600683155812565,,0
-0.011600683155812565,,-0.0033559127168447645,,0
-0.0033559127168447645,,0.004856690866498034,,1
0.004856690866498034,,-0.001963002757691145,,0
-0.001963002757691145,,0.0031158559195713148,,1
0.0031158559195713148,,0.004942258205380716,,1
0.004942258205380716,,0.008562184730640668,,1
0.008562184730640668,,-0.006271792651261319,,0
-0.006271792651261319,,0.01453578642046755,,1
0.01453578642046755,,0.0016896825168625528,,1
0.0016896825168625528,,-0.016912018443789152,,0
-0.016912018443789152,,-0.044233240055641644,,0
-0.044233240055641644,,0.004774436301480771,,1
0.004774436301480771,,-0.002265035677412804,,0
-0.002265035677412804,,0.011274040437532875,,1
0.011274040437532875,,0.012780897074453733,,1
0.012780897074453733,,-0.010659001790691314,,0
-0.010659001790691314,,0.012986443171042477,,1
0.012986443171042477,,-0.016052780094540944,,0
-0.016052780094540944,,-0.006042339579783196,,0
-0.006042339579783196,,-0.039016351491188365,,0
-0.039016351491188365,,0.026099034898790417,,1
0.026099034898790417,,-0.004584916918380464,,0
-0.004584916918380464,,0.004223725183833748,,1
0.004223725183833748,,0.02073722108329605,,1
0.02073722108329605,,-0.0014163731765680365,,0
-0.0014163731765680365,,0.007999956498418233,,1
0.007999956498418233,,-0.007173465018303766,,0
-0.007173465018303766,,0.013364786840185746,,1
0.013364786840185746,,0.009619291917700421,,1
0.009619291917700421,,0.011468015992998602,,1
0.011468015992998602,,-0.0023973878791223356,,0
-0.0023973878791223356,,-0.006536342379067832,,0
-0.006536342379067832,,-0.012037193293298123,,0
-0.012037193293298123,,0.010655715795850042,,1
0.010655715795850042,,-0.004040479996347325,,0
-0.004040479996347325,,0.000809385456890774,,1
0.000809385456890774,,-0.0013878688147021443,,0
-0.0013878688147021443,,0.006805451491607989,,1
0.006805451491607989,,-0.015290460359648388,,0
-0.015290460359648388,,0.005006709108909423,,1
0.005006709108909423,,-0.00046469466971365533,,0
-0.00046469466971365533,,0.008792307314606857,,1
0.008792307314606857,,-0.019774948495897553,,0
-0.019774948495897553,,0.032023967771550206,,1
0.032023967771550206,,-0.006506497445229581,,0
-0.006506497445229581,,-0.010476075952903416,,0
-0.010476075952903416,,0.0016188646483462626,,1
0.0016188646483462626,,-0.0513237205657504,,0
-0.0513237205657504,,-0.014949441644084054,,0
-0.014949441644084054,,-0.009302392662313561,,0
-0.009302392662313561,,-0.016712104057113486,,0
-0.016712104057113486,,-0.011084971891535475,,0
-0.011084971891535475,,0.006385717491302862,,1
0.006385717491302862,,-0.006770242500847303,,0
-0.006770242500847303,,-0.011343216184107902,,0
-0.011343216184107902,,-0.016337029494584734,,0
-0.016337029494584734,,-0.0007908985135578855,,0
-0.0007908985135578855,,-0.018500552288664582,,0
-0.018500552288664582,,-0.008363771103217224,,0
-0.008363771103217224,,-0.01762944092279895,,0
-0.01762944092279895,,-0.026828466372763277,,0
-0.026828466372763277,,0.03929699338354632,,1
0.03929699338354632,,0.011642213241385526,,1
0.011642213241385526,,-0.0060750044816478025,,0
-0.0060750044816478025,,0.009165724199399615,,1
0.009165724199399615,,0.024388272349519798,,1
0.024388272349519798,,-0.017968518403620525,,0
-0.017968518403620525,,0.03484759239593578,,1
0.03484759239593578,,0.0037268040390515947,,1
0.0037268040390515947,,0.01147827329335848,,1
0.01147827329335848,,0.01072090076493806,,1
0.01072090076493806,,0.0013790588431838791,,1
0.0013790588431838791,,0.003252062074995126,,1
0.003252062074995126,,-0.0007495963943771602,,0
-0.0007495963943771602,,0.005980622946611617,,1
0.005980622946611617,,0.009396732423894457,,1
0.009396732423894457,,0.005400047664327623,,1
0.005400047664327623,,0.0034213915116528084,,1
0.0034213915116528084,,-0.011162380789125943,,0
-0.011162380789125943,,0.0073737397147546,,1
0.0073737397147546,,0.010232809056794525,,1
0.010232809056794525,,0.009168775927069498,,1
0.009168775927069498,,-0.003970815679838617,,0
-0.003970815679838617,,-0.007017594683681555,,0
-0.007017594683681555,,0.005448907993220851,,1
0.005448907993220851,,0.011406794502879123,,1
0.011406794502879123,,0.0034563040969963973,,1
0.0034563040969963973,,-0.006804773742033209,,0
-0.006804773742033209,,0.0,,0
0.0,,-0.0160602593638496,,0
-0.0160602593638496,,-0.007698515322374261,,0
-0.007698515322374261,,-0.006152351394055167,,0
-0.006152351394055167,,0.004556411498702807,,1
0.004556411498702807,,0.01645072737481873,,1
0.01645072737481873,,-0.0019355925836260998,,0
-0.0019355925836260998,,-0.00912359571542977,,0
-0.00912359571542977,,0.018524638411317188,,1
0.018524638411317188,,0.0033532819361358087,,1
0.0033532819361358087,,0.004413997541974961,,1
0.004413997541974961,,-0.009688553657662585,,0
-0.009688553657662585,,-0.003129826893333938,,0
-0.003129826893333938,,-0.0038656690418798173,,0
-0.0038656690418798173,,-0.00012106924940355039,,0
-0.00012106924940355039,,0.0015723892519074792,,1
0.0015723892519074792,,-0.002177863052715579,,0
-0.002177863052715579,,0.003747875842255863,,1
0.003747875842255863,,-0.005323695976833696,,0
-0.005323695976833696,,0.0014547553073570244,,1
0.0014547553073570244,,-0.009249209394218028,,0
-0.009249209394218028,,-0.006624176730670045,,0
-0.006624176730670045,,-0.00123150844605639,,0
-0.00123150844605639,,0.011516848985476157,,1
0.011516848985476157,,0.002797926069338887,,1
0.002797926069338887,,0.0029111843433501147,,1
0.0029111843433501147,,0.0014524663426591325,,1
0.0014524663426591325,,0.005187300404220588,,1
0.005187300404220588,,0.010770825896207925,,1
0.010770825896207925,,-0.007167614646603889,,0
-0.007167614646603889,,-0.018025111218983786,,0
-0.018025111218983786,,0.005478187358147456,,1
0.005478187358147456,,-0.02532721049701157,,0
-0.02532721049701157,,0.0067014513495630736,,1
0.0067014513495630736,,0.012537089786290536,,1
0.012537089786290536,,0.0009766110141273205,,1
0.0009766110141273205,,-0.0018319870343190873,,0
-0.0018319870343190873,,0.0018319870343191478,,1
0.0018319870343191478,,0.02661052455248328,,1
0.02661052455248328,,-0.0034517787586495286,,0
-0.0034517787586495286,,0.009729546016663291,,1
0.009729546016663291,,-0.0014179695754970535,,0
-0.0014179695754970535,,0.008829299840739751,,1
0.008829299840739751,,0.0016395294766324764,,1
0.0016395294766324764,,-0.01461598227494415,,0
-0.01461598227494415,,0.009454046218596671,,1
0.009454046218596671,,0.005044890401042768,,1
0.005044890401042768,,0.016135928991683472,,1
0.016135928991683472,,-0.00832559845066255,,0
-0.00832559845066255,,0.011315161951094518,,1
0.011315161951094518,,-0.009690850355040486,,0
-0.009690850355040486,,0.02834470589313334,,1
0.02834470589313334,,-0.019113213796498066,,0
-0.019113213796498066,,-0.0028757138011939946,,0
-0.0028757138011939946,,-0.0053130073583303825,,0
-0.0053130073583303825,,0.0023135299604474194,,1
0.0023135299604474194,,0.005185801772310403,,1
0.005185801772310403,,0.008127788870588232,,1
0.008127788870588232,,-0.0005701707582221515,,0
-0.0005701707582221515,,-0.00400076090673832,,0
-0.00400076090673832,,0.002173817503357044,,1
0.002173817503357044,,0.004561028686821788,,1
0.004561028686821788,,0.00045496946445476035,,1
0.00045496946445476035,,-0.015817004621459956,,0
-0.015817004621459956,,0.0035749929955958353,,1
0.0035749929955958353,,0.003103233796050937,,1
0.003103233796050937,,0.01254433705089388,,1
0.01254433705089388,,-0.022230717284344784,,0
-0.022230717284344784,,0.011635342408630405,,1
0.011635342408630405,,-0.006434557033243031,,0
-0.006434557033243031,,0.00735043382825765,,1
0.00735043382825765,,0.0,,0
0.0,,0.010359289515930962,,1
0.010359289515930962,,0.005871704256908581,,1
0.005871704256908581,,-0.004174460324904296,,0
-0.004174460324904296,,-0.02044492753304022,,0
-0.02044492753304022,,0.006097214870591111,,1
0.006097214870591111,,-0.010491866067915594,,0
-0.010491866067915594,,0.00612398690735922,,1
0.00612398690735922,,-0.0036930186608973487,,0
-0.0036930186608973487,,-0.011395422469165367,,0
-0.011395422469165367,,0.015088441130062713,,1
0.015088441130062713,,0.01622528500138681,,1
0.01622528500138681,,0.000793062889614566,,1
0.000793062889614566,,0.00710940467203178,,1
0.00710940467203178,,-0.000674888187190444,,0
-0.000674888187190444,,-0.0007879742912328086,,0
-0.0007879742912328086,,-0.0042885166752720015,,0
-0.0042885166752720015,,0.0003392184136678049,,1
0.0003392184136678049,,0.0020329836578403255,,1
0.0020329836578403255,,0.006074269851360936,,1
0.006074269851360936,,-0.009578060538919348,,0
-0.009578060538919348,,0.0053074622819457695,,1
0.0053074622819457695,,-0.002142200966463573,,0
-0.002142200966463573,,0.008653245737081598,,1
0.008653245737081598,,-0.014539572923041994,,0
-0.014539572923041994,,0.002947451510700869,,1
0.002947451510700869,,-0.0010192689002600603,,0
-0.0010192689002600603,,-0.0076210135329299305,,0
-0.0076210135329299305,,0.009771701313995646,,1
0.009771701313995646,,0.011467204176300573,,1
0.011467204176300573,,0.01849544059809825,,1
0.01849544059809825,,-0.0068266629276427775,,0
-0.0068266629276427775,,0.012298333561190396,,1
0.012298333561190396,,0.0015267112486445369,,1
0.0015267112486445369,,-0.009855466318408281,,0
-0.009855466318408281,,0.007346101294232618,,1
0.007346101294232618,,-0.0045986959454889466,,0
-0.0045986959454889466,,0.006126907013737467,,1
0.006126907013737467,,0.004027684537212951,,1
0.004027684537212951,,0.0022787604517856765,,1
0.0022787604517856765,,-0.0038008240696018763,,0
-0.0038008240696018763,,-0.0065495933238399525,,0
-0.0065495933238399525,,0.005678777674351253,,1
0.005678777674351253,,-0.008640081130703312,,0
-0.008640081130703312,,0.0006588070820781505,,1
0.0006588070820781505,,0.0024120308033477294,,1
0.0024120308033477294,,-0.00482989356899907,,0
-0.00482989356899907,,0.013877775923707486,,1
0.013877775923707486,,0.008428824178704974,,1
0.008428824178704974,,-0.011145478887850706,,0
-0.011145478887850706,,-0.001960574666607463,,0
-0.001960574666607463,,-0.004370652978955297,,0
-0.004370652978955297,,-0.030125093372488827,,0
-0.030125093372488827,,-0.010893096171261598,,0
-0.010893096171261598,,-0.034117981140339856,,0
-0.034117981140339856,,0.01952248810037432,,1
0.01952248810037432,,-0.004525150156023407,,0
-0.004525150156023407,,0.024241530042255273,,1
0.024241530042255273,,-0.0010220469639742335,,0
-0.0010220469639742335,,-0.008099970855618031,,0
-0.008099970855618031,,0.013652054211193806,,1
0.013652054211193806,,-0.039528108613439854,,0
-0.039528108613439854,,0.00866107796728288,,1
0.00866107796728288,,0.015724692650197356,,1
0.015724692650197356,,0.0060616505625179515,,1
0.0060616505625179515,,-0.013084077687056933,,0
-0.013084077687056933,,0.013198120631786667,,1
0.013198120631786667,,0.006930671548271526,,1
0.006930671548271526,,-0.02510882816115808,,0
-0.02510882816115808,,0.011428759238842913,,1
0.011428759238842913,,-0.0069109478657808235,,0
-0.0069109478657808235,,0.006451695108269329,,1
0.006451695108269329,,0.01130469195860117,,1
0.01130469195860117,,0.01342153378157963,,1
0.01342153378157963,,-0.01262703064475295,,0
-0.01262703064475295,,0.00700966964283904,,1
0.00700966964283904,,0.0231635547916318,,1
0.0231635547916318,,0.00920457937162031,,1
0.00920457937162031,,0.015369911598208934,,1
0.015369911598208934,,0.012488801904937796,,1
0.012488801904937796,,0.009081378548202021,,1
0.009081378548202021,,-0.004213573022183333,,0
-0.004213573022183333,,0.0065235407192019736,,1
0.0065235407192019736,,-0.017242689378906682,,0
-0.017242689378906682,,0.00659361237331451,,1
0.00659361237331451,,0.006339899800515129,,1
0.006339899800515129,,-0.006551885844846657,,0
-0.006551885844846657,,0.0034926407830298376,,1
0.0034926407830298376,,0.007368422266893659,,1
0.007368422266893659,,-0.0032564507960942462,,0
-0.0032564507960942462,,0.004199938122786366,,1
0.004199938122786366,,0.006475167451052698,,1
0.006475167451052698,,0.0014563551273586502,,1
0.0014563551273586502,,-0.004584242390717499,,0
-0.004584242390717499,,-0.015469934370605783,,0
-0.015469934370605783,,-0.019274641717995134,,0
-0.019274641717995134,,0.001728461731362035,,1
0.001728461731362035,,0.019876702409536356,,1
0.019876702409536356,,-0.007540783063276362,,0
-0.007540783063276362,,-0.015470897452218082,,0
-0.015470897452218082,,0.005291280270216639,,1
0.005291280270216639,,0.0038697308859564016,,1
0.0038697308859564016,,0.011095824077255364,,1
0.011095824077255364,,-0.0018053227150625114,,0
-0.0018053227150625114,,0.01130910616566301,,1
0.01130910616566301,,-0.009291639980438474,,0
-0.009291639980438474,,0.0027542617256168275,,1
0.0027542617256168275,,0.0015855563451179877,,1
0.0015855563451179877,,0.010506505522850674,,1
0.010506505522850674,,0.002609468619222331,,1
0.002609468619222331,,-0.0027140114602918807,,0
-0.0027140114602918807,,0.008327341285371022,,1
0.008327341285371022,,-0.0008296363723970405,,0
-0.0008296363723970405,,0.00465763879000284,,1
0.00465763879000284,,0.009864513991063495,,1
0.009864513991063495,,-0.00563962574628294,,0
-0.00563962574628294,,0.0008223027526961769,,1
0.0008223027526961769,,0.007880065765744123,,1
0.007880065765744123,,-0.001428128278959555,,0
-0.001428128278959555,,0.001733879491146488,,1
0.001733879491146488,,0.0039664369495279895,,1
0.0039664369495279895,,0.004254091296475303,,1
0.004254091296475303,,-0.00010109805529018298,,0
-0.00010109805529018298,,-0.002226283265019305,,0
-0.002226283265019305,,0.0065633751731215915,,1
0.0065633751731215915,,0.002111287007057645,,1
0.002111287007057645,,0.00570828947176012,,1
0.00570828947176012,,-0.009128779050840908,,0
-0.009128779050840908,,0.0030186722373216407,,1
0.0030186722373216407,,-0.0014075951543583217,,0
-0.0014075951543583217,,0.007018245803823719,,1
0.007018245803823719,,0.002494637916339884,,1
0.002494637916339884,,0.005961922539721126,,1
0.005961922539721126,,0.004250911390108722,,1
0.004250911390108722,,0.009621080709925614,,1
0.009621080709925614,,0.007592004496887843,,1
0.007592004496887843,,-0.0035941086655219235,,0
-0.0035941086655219235,,-0.0034117931835833757,,0
-0.0034117931835833757,,-0.01654069656599542,,0
-0.01654069656599542,,0.008796689912907869,,1
0.008796689912907869,,0.004614348115988615,,1
0.004614348115988615,,0.01178266435872077,,1
0.01178266435872077,,0.005887769439381383,,1
0.005887769439381383,,0.004225443792864491,,1
0.004225443792864491,,0.0051615572540363724,,1
0.0051615572540363724,,0.01382335114399222,,1
0.01382335114399222,,-0.006887754015375194,,0
-0.006887754015375194,,0.004911198366148765,,1
0.004911198366148765,,0.0029163910217156635,,1
0.0029163910217156635,,-0.0036704139811468456,,0
-0.0036704139811468456,,-0.002832552387652117,,0
-0.002832552387652117,,0.00819247596979992,,1
0.00819247596979992,,-0.008003418174211248,,0
-0.008003418174211248,,0.003397517551494632,,1
0.003397517551494632,,-0.001602924943238249,,0
-0.001602924943238249,,-0.0010385745105819235,,0
-0.0010385745105819235,,-0.006349210234817744,,0
-0.006349210234817744,,0.0005702106018184007,,1
0.0005702106018184007,,0.002941015944494266,,1
0.002941015944494266,,-0.012008097240835985,,0
-0.012008097240835985,,-0.005287232155341484,,0
-0.005287232155341484,,-0.0009643055075632186,,0
-0.0009643055075632186,,-0.0004825385064226573,,0
-0.0004825385064226573,,0.010084148375969637,,1
0.010084148375969637,,-0.0038296027938804354,,0
-0.0038296027938804354,,-0.0015359863336784933,,0
-0.0015359863336784933,,-0.0015382758085431365,,0
-0.0015382758085431365,,-0.0020226260970092366,,0
-0.0020226260970092366,,0.007013486345490956,,1
0.007013486345490956,,0.0,,0
0.0,,-0.00576092315615421,,0
-0.00576092315615421,,-0.0018311875393709962,,0
-0.0018311875393709962,,0.0106510912342462,,1
0.0106510912342462,,0.000190916899739989,,1
0.000190916899739989,,-0.014902002065106626,,0
-0.014902002065106626,,0.01680873302133443,,1
0.01680873302133443,,0.009196568583698335,,1
0.009196568583698335,,0.012473801418299747,,1
0.012473801418299747,,-0.028647657352444063,,0
-0.028647657352444063,,0.010969743179258062,,1
0.010969743179258062,,0.01618548162795244,,1
0.01618548162795244,,0.01178507844529526,,1
0.01178507844529526,,-0.00295639248831553,,0
-0.00295639248831553,,0.00461553474734698,,1
0.00461553474734698,,0.0019321815075872399,,1
0.0019321815075872399,,0.005957049333872992,,1
0.005957049333872992,,-0.0004570036303035943,,0
-0.0004570036303035943,,0.010910163420870094,,1
0.010910163420870094,,0.0032499858999213795,,1
0.0032499858999213795,,-0.005603730504521456,,0
-0.005603730504521456,,0.0021729104259094107,,1
0.0021729104259094107,,0.005321836024504155,,1
0.005321836024504155,,-0.009218359526053405,,0
-0.009218359526053405,,-0.03201233882094762,,0
-0.03201233882094762,,-0.03423453592419307,,0
-0.03423453592419307,,-0.02296248443547796,,0
-0.02296248443547796,,-0.05362608248299037,,0
-0.05362608248299037,,-0.02997991711861809,,0
-0.02997991711861809,,0.036868536606733476,,1
0.036868536606733476,,-0.05296987798498921,,0
-0.05296987798498921,,0.04156752290905061,,1
0.04156752290905061,,-0.058489883969763394,,0
-0.058489883969763394,,-0.034613419123001796,,0
-0.034613419123001796,,-0.14421174815101528,,0
-0.14421174815101528,,0.04893627003740673,,1
0.04893627003740673,,-0.07050914967435574,,0
-0.07050914967435574,,-0.14007552771794235,,0
-0.14007552771794235,,0.11537608847578047,,1
0.11537608847578047,,-0.14448811052785612,,0
-0.14448811052785612,,0.08772401058440096,,1
0.08772401058440096,,-0.008463926343173863,,0
-0.008463926343173863,,-0.03892248083005845,,0
-0.03892248083005845,,-0.04909253794515902,,0
-0.04909253794515902,,-0.05454678065150077,,0
-0.05454678065150077,,0.11719045408148265,,1
0.11719045408148265,,0.036640772911152655,,1
0.036640772911152655,,0.06410526622610638,,1
0.06410526622610638,,-0.015048273305460769,,0
-0.015048273305460769,,0.04111954696119505,,1
0.04111954696119505,,-0.030784289598552745,,0
-0.030784289598552745,,-0.08629170690316634,,0
-0.08629170690316634,,0.014137736930646131,,1
0.014137736930646131,,-0.046306672956241544,,0
-0.046306672956241544,,0.11707023014409616,,1
0.11707023014409616,,-0.00796259947442259,,0
-0.00796259947442259,,0.05338781844346289,,1
0.05338781844346289,,0.06673000649814918,,1
0.06673000649814918,,-0.008619158209409625,,0
-0.008619158209409625,,0.0038815245238018456,,1
0.0038815245238018456,,-0.0647884479415955,,0
-0.0647884479415955,,-0.029772116413920843,,0
-0.029772116413920843,,0.05933091865546526,,1
0.05933091865546526,,-0.02159065277595113,,0
-0.02159065277595113,,-0.028034782555501563,,0
-0.028034782555501563,,-0.003952856082595071,,0
-0.003952856082595071,,0.02215108626571608,,1
0.02215108626571608,,0.016034254367910908,,1
0.016034254367910908,,0.07786627480907819,,1
0.07786627480907819,,0.010163382370749473,,1
0.010163382370749473,,0.027545368594442104,,1
0.027545368594442104,,-0.03637201890540635,,0
-0.03637201890540635,,-0.02895537171178663,,0
-0.02895537171178663,,-0.01803896718526448,,0
-0.01803896718526448,,-0.01306868891930151,,0
-0.01306868891930151,,-0.044164540941026925,,0
-0.044164540941026925,,0.020545024344470923,,1
0.020545024344470923,,0.026324123605954396,,1
0.026324123605954396,,-0.034544837235320626,,0
-0.034544837235320626,,-0.04771897628190175,,0
-0.04771897628190175,,-0.0732811468443853,,0
-0.0732811468443853,,0.012246265043453356,,1
0.012246265043453356,,0.020422355841383154,,1
0.020422355841383154,,0.07263177494466144,,1
0.07263177494466144,,-0.044101450003886655,,0
-0.044101450003886655,,0.025812364289787365,,1
0.025812364289787365,,0.0106864806844283,,1
0.0106864806844283,,-0.011513235021806506,,0
-0.011513235021806506,,0.057457066236335244,,1
0.057457066236335244,,0.020738819740559432,,1
0.020738819740559432,,-0.017490165151235502,,0
-0.017490165151235502,,-0.0007787824998730324,,0
-0.0007787824998730324,,0.02854232795584738,,1
0.02854232795584738,,-0.0039193115953237,,0
-0.0039193115953237,,0.024031170598809427,,1
0.024031170598809427,,0.021774545664839932,,1
0.021774545664839932,,0.0389227920236809,,1
0.0389227920236809,,0.015246307397208225,,1
0.015246307397208225,,-0.025893995088170745,,0
-0.025893995088170745,,-0.03009187378263564,,0
-0.03009187378263564,,-0.10861195477162858,,0
-0.10861195477162858,,0.0253516113012206,,1
0.0253516113012206,,0.012568888572389433,,1
0.012568888572389433,,0.017539791855611067,,1
0.017539791855611067,,-0.022496072297285983,,0
-0.022496072297285983,,0.002089813062622727,,1
0.002089813062622727,,-0.005757703055443004,,0
-0.005757703055443004,,-0.00989127787684726,,0
-0.00989127787684726,,-0.008384919925236874,,0
-0.008384919925236874,,-0.04973283143118899,,0
-0.04973283143118899,,0.020438683783667606,,1
0.020438683783667606,,-0.025226132593742314,,0
-0.025226132593742314,,0.02095048738731526,,1
0.02095048738731526,,0.025652994365610714,,1
0.025652994365610714,,-0.01945242923047326,,0
-0.01945242923047326,,-0.0037157445773889357,,0
-0.0037157445773889357,,0.018983150017666355,,1
0.018983150017666355,,-0.03328595286270502,,0
-0.03328595286270502,,0.009742553930703881,,1
0.009742553930703881,,-0.028234118105514818,,0
-0.028234118105514818,,0.029894826338972013,,1
0.029894826338972013,,0.002761627732763365,,1
0.002761627732763365,,0.011789041900676294,,1
0.011789041900676294,,0.025961514197608518,,1
0.025961514197608518,,0.00872564588818484,,1
0.00872564588818484,,-0.00859284184612744,,0
-0.00859284184612744,,-0.01579051024706171,,0
-0.01579051024706171,,0.014328999175197725,,1
0.014328999175197725,,0.006229740110707658,,1
0.006229740110707658,,0.05950472336784748,,1
0.05950472336784748,,0.0006223542549263774,,1
0.0006223542549263774,,-0.010003872844714698,,0
-0.010003872844714698,,-0.01494077313959014,,0
-0.01494077313959014,,0.02953772855211023,,1
0.02953772855211023,,-0.012462773803390986,,0
-0.012462773803390986,,-0.0017572414822563073,,0
-0.0017572414822563073,,-0.0006282805344458537,,0
-0.0006282805344458537,,-0.01099679574700427,,0
-0.01099679574700427,,0.02038066155761705,,1
0.02038066155761705,,0.0003735140227074874,,1
0.0003735140227074874,,0.02883456552473607,,1
0.02883456552473607,,0.025199883608883113,,1
0.025199883608883113,,0.011375100118397383,,1
0.011375100118397383,,-0.002568608730217845,,0
-0.002568608730217845,,-0.006568139312381629,,0
-0.006568139312381629,,0.005866495533217714,,1
0.005866495533217714,,-0.024514219564074232,,0
-0.024514219564074232,,-0.009032396771571123,,0
-0.009032396771571123,,-0.0006051074241048588,,0
-0.0006051074241048588,,-0.01770818588305376,,0
-0.01770818588305376,,-0.005312265090554388,,0
-0.005312265090554388,,0.045522863891771626,,1
0.045522863891771626,,-0.0021327059038363442,,0
-0.0021327059038363442,,-0.0017806604740348679,,0
-0.0017806604740348679,,0.010989684320339314,,1
0.010989684320339314,,-0.0031781163748728167,,0
-0.0031781163748728167,,-0.027975480039847782,,0
-0.027975480039847782,,-0.0054708612751952325,,0
-0.0054708612751952325,,0.011514636225973013,,1
0.011514636225973013,,-0.013711370184689733,,0
-0.013711370184689733,,0.02461812440782306,,1
0.02461812440782306,,-0.02865806184738093,,0
-0.02865806184738093,,0.0009808955353600897,,1
0.0009808955353600897,,-0.018927994997384588,,0
-0.018927994997384588,,0.01733362103283809,,1
0.01733362103283809,,0.021373030785201117,,1
0.021373030785201117,,0.0019204906884329371,,1
0.0019204906884329371,,0.005023912200912227,,1
0.005023912200912227,,-0.004903975319953367,,0
-0.004903975319953367,,-0.011335011484541422,,0
-0.011335011484541422,,-0.03920128734519455,,0
-0.03920128734519455,,0.0022675784817655573,,1
0.0022675784817655573,,-0.02626358878805724,,0
-0.02626358878805724,,0.0047682945087115765,,1
0.0047682945087115765,,0.00883208866239006,,1
0.00883208866239006,,0.017433453856019944,,1
0.017433453856019944,,-0.010575401779593893,,0
-0.010575401779593893,,0.011201418097475758,,1
0.011201418097475758,,0.00772968721132258,,1
0.00772968721132258,,0.003347647742894255,,1
0.003347647742894255,,0.01693704283555537,,1
0.01693704283555537,,-0.013600658577704856,,0
-0.013600658577704856,,0.013235510016133156,,1
0.013235510016133156,,0.010054010290990947,,1
0.010054010290990947,,-0.014324113448261244,,0
-0.014324113448261244,,0.007915787696081653,,1
0.007915787696081653,,-0.013678800629229208,,0
-0.013678800629229208,,0.0024563627278352627,,1
0.0024563627278352627,,0.01642480026900691,,1
0.01642480026900691,,0.004454827857713136,,1
0.004454827857713136,,-0.006750237357309888,,0
-0.006750237357309888,,0.009269875033332856,,1
0.009269875033332856,,0.008115575377893884,,1
0.008115575377893884,,0.0275500232325665,,1
0.0275500232325665,,-0.003939339608020104,,0
-0.003939339608020104,,-0.0271829120481471,,0
-0.0271829120481471,,-0.030030145584156853,,0
-0.030030145584156853,,-0.031974718030645444,,0
-0.031974718030645444,,0.012361354962941117,,1
0.012361354962941117,,0.016412151955037403,,1
0.016412151955037403,,0.026288525065136265,,1
0.026288525065136265,,0.02256629616803718,,1
0.02256629616803718,,-0.01657825432341457,,0
-0.01657825432341457,,0.029993462746405318,,1
0.029993462746405318,,-0.018714067823771545,,0
-0.018714067823771545,,0.07689549738585683,,1
0.07689549738585683,,0.014112212465961812,,1
0.014112212465961812,,-0.008443423212983288,,0
-0.008443423212983288,,-0.02911862773875587,,0
-0.02911862773875587,,0.02966205058633551,,1
0.02966205058633551,,0.023833669044530974,,1
0.023833669044530974,,-0.0049986938764482215,,0
-0.0049986938764482215,,-0.014282141624102646,,0
-0.014282141624102646,,0.00957974498374324,,1
0.00957974498374324,,-0.0006429228553003038,,0
-0.0006429228553003038,,0.014261590709060763,,1
0.014261590709060763,,0.03008292925428009,,1
0.03008292925428009,,-0.00896122930797247,,0
-0.00896122930797247,,-0.006539753299997098,,0
-0.006539753299997098,,-0.03088230024867445,,0
-0.03088230024867445,,0.014290570175367565,,1
0.014290570175367565,,0.0072796102777720586,,1
0.0072796102777720586,,-0.0018939432288722802,,0
-0.0018939432288722802,,0.01577800003194958,,1
0.01577800003194958,,-0.016515498848102442,,0
-0.016515498848102442,,-0.003484078920337394,,0
-0.003484078920337394,,-0.002011566373318078,,0
-0.002011566373318078,,0.005495645293655339,,1
0.005495645293655339,,-0.012514749626536694,,0
-0.012514749626536694,,-0.02081274642385957,,0
-0.02081274642385957,,0.020919487114875866,,1
0.020919487114875866,,-0.0019226699709399679,,0
-0.0019226699709399679,,-0.0010697313237770477,,0
-0.0010697313237770477,,-0.006658129769342866,,0
-0.006658129769342866,,-0.006052083381242336,,0
-0.006052083381242336,,-0.005434795985956945,,0
-0.005434795985956945,,0.012456175310074381,,1
0.012456175310074381,,-0.00032296688235658694,,0
-0.00032296688235658694,,0.004512235424250048,,1
0.004512235424250048,,-0.012186694102637414,,0
-0.012186694102637414,,0.011328765566854736,,1
0.011328765566854736,,0.018600738409358417,,1
0.018600738409358417,,-0.02732874549874384,,0
-0.02732874549874384,,-0.0007578595453099474,,0
-0.0007578595453099474,,0.05417551525683468,,1
0.05417551525683468,,-0.005142985968087644,,0
-0.005142985968087644,,-0.005480586276659861,,0
-0.005480586276659861,,-0.011261868910718174,,0
-0.011261868910718174,,0.003036502121456303,,1
0.003036502121456303,,0.0027145780836334383,,1
0.0027145780836334383,,0.006961409481710156,,1
0.006961409481710156,,-0.005190502575005432,,0
-0.005190502575005432,,0.008291874065152237,,1
0.008291874065152237,,-0.003722864917323027,,0
-0.003722864917323027,,-0.008427429334986252,,0
-0.008427429334986252,,-0.014417537604264905,,0
-0.014417537604264905,,-0.008943802743269409,,0
-0.008943802743269409,,-0.004179839839036317,,0
-0.004179839839036317,,-0.031752203220262565,,0
-0.031752203220262565,,0.027986142181639768,,1
0.027986142181639768,,-0.025881900359086284,,0
-0.025881900359086284,,0.010345705694466937,,1
0.010345705694466937,,0.013593814628841678,,1
0.013593814628841678,,-0.01897347845768928,,0
-0.01897347845768928,,0.023822331735344718,,1
0.023822331735344718,,0.006749234196570977,,1
0.006749234196570977,,0.004686787520399083,,1
0.004686787520399083,,-0.014450328888285489,,0
-0.014450328888285489,,-0.004213710392852771,,0
-0.004213710392852771,,0.003782340649025592,,1
0.003782340649025592,,0.014031158147803672,,1
0.014031158147803672,,-0.0025558892467488635,,0
-0.0025558892467488635,,0.009551187224244867,,1
0.009551187224244867,,-0.011686082864216183,,0
-0.011686082864216183,,0.018213137677997218,,1
0.018213137677997218,,0.01292759703294768,,1
0.01292759703294768,,-0.0038400000311255033,,0
-0.0038400000311255033,,0.022110022469255634,,1
0.022110022469255634,,-0.02148626790108626,,0
-0.02148626790108626,,-0.029849832680959604,,0
-0.029849832680959604,,0.018247919685612315,,1
0.018247919685612315,,0.009833689563805429,,1
0.009833689563805429,,0.0027030075709100977,,1
0.0027030075709100977,,-0.018970306781971463,,0
-0.018970306781971463,,0.0292988431693385,,1
0.0292988431693385,,0.02185158865687103,,1
0.02185158865687103,,-0.0042312994815606395,,0
-0.0042312994815606395,,0.02088088566228201,,1
0.02088088566228201,,-0.012836645037004686,,0
-0.012836645037004686,,0.015305416364536018,,1
0.015305416364536018,,-0.002073349064691534,,0
-0.002073349064691534,,-0.01543781539101391,,0
-0.01543781539101391,,0.008793949801615008,,1
0.008793949801615008,,-0.004687131129527137,,0
-0.004687131129527137,,-0.010854396328287533,,0
-0.010854396328287533,,-0.008015067780189651,,0
-0.008015067780189651,,-0.01975167788466017,,0
-0.01975167788466017,,0.004147248274122492,,1
0.004147248274122492,,0.015298803000548747,,1
0.015298803000548747,,0.0032553405890199073,,1
0.0032553405890199073,,-0.011645850252059884,,0
-0.011645850252059884,,0.01022294737435129,,1
0.01022294737435129,,-0.017338238566358386,,0
-0.017338238566358386,,0.021094425334529765,,1
0.021094425334529765,,0.0,,0
0.0,,0.002327775220708293,,1
0.002327775220708293,,-0.000303309032881313,,0
-0.000303309032881313,,-0.00924470463802965,,0
-0.00924470463802965,,0.014489338590648975,,1
0.014489338590648975,,0.01388563685014912,,1
0.01388563685014912,,-0.0015885990252139182,,0
-0.0015885990252139182,,0.011067333697213962,,1
0.011067333697213962,,0.0033355896410317246,,1
0.0033355896410317246,,0.022372781150660225,,1
0.022372781150660225,,-0.0013418347694589565,,0
-0.0013418347694589565,,-0.009152691332931222,,0
-0.009152691332931222,,0.019647026403563632,,1
0.019647026403563632,,-0.03142732213266902,,0
-0.03142732213266902,,0.009454734002757823,,1
0.009454734002757823,,-0.005935318823185248,,0
-0.005935318823185248,,0.0022420024948343665,,1
0.0022420024948343665,,-0.003804691191228904,,0
-0.003804691191228904,,0.010887662312248676,,1
0.010887662312248676,,-0.009129846340101219,,0
-0.009129846340101219,,0.008162555946554127,,1
0.008162555946554127,,0.006078433020035951,,1
0.006078433020035951,,0.012142261686883527,,1
0.012142261686883527,,0.009928646752246854,,1
0.009928646752246854,,-0.0027323795217409877,,0
-0.0027323795217409877,,-0.0012272576886541158,,0
-0.0012272576886541158,,-0.018592297087846415,,0
-0.018592297087846415,,-0.017376555838727978,,0
-0.017376555838727978,,0.02876364409563662,,1
0.02876364409563662,,0.01257523155578557,,1
0.01257523155578557,,-0.006031489267459169,,0
-0.006031489267459169,,-0.005782834590218454,,0
-0.005782834590218454,,-0.0013319323521318821,,0
-0.0013319323521318821,,-0.0033376130589265647,,0
-0.0033376130589265647,,0.007422938210857943,,1
0.007422938210857943,,-0.0012333845718778835,,0
-0.0012333845718778835,,-0.015787477175152453,,0
-0.015787477175152453,,0.002889018014058835,,1
0.002889018014058835,,0.0114735418311841,,1
0.0114735418311841,,0.0021840920972488924,,1
0.0021840920972488924,,0.005298074681855601,,1
0.005298074681855601,,0.001037327212509548,,1
0.001037327212509548,,0.0021656555823518567,,1
0.0021656555823518567,,0.001597652432268067,,1
0.001597652432268067,,-0.00018779717516082998,,0
-0.00018779717516082998,,-0.0008457032961685265,,0
-0.0008457032961685265,,-0.01477297303298392,,0
-0.01477297303298392,,-0.012189973149655227,,0
-0.012189973149655227,,0.005873596305820662,,1
0.005873596305820662,,-0.011490518095159706,,0
-0.011490518095159706,,0.011490518095159758,,1
0.011490518095159758,,-0.010616894407854304,,0
-0.010616894407854304,,-0.04922201481451052,,0
-0.04922201481451052,,-0.061587021475757175,,0
-0.061587021475757175,,0.03671598364947518,,1
0.03671598364947518,,-0.006815165528806261,,0
-0.006815165528806261,,0.0,,0
0.0,,0.013065249452885995,,1
0.013065249452885995,,0.017703154739774234,,1
0.017703154739774234,,-0.018846077688360257,,0
-0.018846077688360257,,-0.010765703627144161,,0
-0.010765703627144161,,0.0009452900883491519,,1
0.0009452900883491519,,0.014694690296629835,,1
0.014694690296629835,,-0.009041399350989453,,0
-0.009041399350989453,,-0.018119122212725772,,0
-0.018119122212725772,,0.006041030481214016,,1
0.006041030481214016,,-0.03112174733761729,,0
-0.03112174733761729,,0.029217988892426713,,1
0.029217988892426713,,0.0004233797239485547,,1
0.0004233797239485547,,-0.00456065175997198,,0
-0.00456065175997198,,-0.0031942431078462413,,0
-0.0031942431078462413,,0.00764904655464952,,1
0.00764904655464952,,-0.004667397991240668,,0
-0.004667397991240668,,-0.03704133443403805,,0
-0.03704133443403805,,0.026888914132094894,,1
0.026888914132094894,,0.00802357888047411,,1
0.00802357888047411,,-0.010066424704933945,,0
-0.010066424704933945,,0.004831672447028966,,1
0.004831672447028966,,0.005341322353144695,,1
0.005341322353144695,,-0.004805871779619429,,0
-0.004805871779619429,,-0.002894714088263004,,0
-0.002894714088263004,,0.011634906842380468,,1
0.011634906842380468,,-0.011957041387951417,,0
-0.011957041387951417,,-0.004413156804592208,,0
-0.004413156804592208,,-0.003782749528545906,,0
-0.003782749528545906,,-0.008154435100449203,,0
-0.008154435100449203,,0.011073875684896041,,1
0.011073875684896041,,0.016171645673610055,,1
0.016171645673610055,,0.001592288739770447,,1
0.001592288739770447,,0.014217484520231818,,1
0.014217484520231818,,0.019263237088350187,,1
0.019263237088350187,,-0.00834322773703853,,0
-0.00834322773703853,,-0.0029003415467185384,,0
-0.0029003415467185384,,-0.001349508525231065,,0
-0.001349508525231065,,-0.0011432000494913286,,0
-0.0011432000494913286,,-0.005736085389279357,,0
-0.005736085389279357,,-0.007769861125325369,,0
-0.007769861125325369,,0.0011588161087667575,,1
0.0011588161087667575,,0.009326757273371044,,1
0.009326757273371044,,0.007067904744648861,,1
0.007067904744648861,,0.0061951510472921115,,1
0.0061951510472921115,,-0.016083387433591965,,0
-0.016083387433591965,,0.014022546114735149,,1
0.014022546114735149,,-0.010055478805570447,,0
-0.010055478805570447,,0.0009372178396052641,,1
0.0009372178396052641,,-0.005950841758364424,,0
-0.005950841758364424,,-0.007356806034170969,,0
-0.007356806034170969,,-0.005394292265230558,,0
-0.005394292265230558,,-0.012593552731678007,,0
-0.012593552731678007,,-0.00225793421085104,,0
-0.00225793421085104,,0.0020430655441939674,,1
0.0020430655441939674,,-0.011452130202369527,,0
-0.011452130202369527,,0.012525848409142181,,1
0.012525848409142181,,-0.0115483412279734,,0
-0.0115483412279734,,0.0017353153095533795,,1
0.0017353153095533795,,-0.0046706250288921945,,0
-0.0046706250288921945,,-0.024020550504377482,,0
-0.024020550504377482,,-0.020619308473491717,,0
-0.020619308473491717,,-0.014563604368047696,,0
-0.014563604368047696,,0.015360273818078416,,1
0.015360273818078416,,0.012322764211569972,,1
0.012322764211569972,,-0.002700247600256368,,0
-0.002700247600256368,,0.02470361690746328,,1
0.02470361690746328,,-0.01383454031788456,,0
-0.01383454031788456,,0.004114948957436862,,1
0.004114948957436862,,-0.011946769804463065,,0
-0.011946769804463065,,0.013831764247927897,,1
0.013831764247927897,,-0.004552231688100193,,0
-0.004552231688100193,,0.019178344587754234,,1
0.019178344587754234,,0.00977738949636182,,1
0.00977738949636182,,0.015234692065509384,,1
0.015234692065509384,,0.005309559141594659,,1
0.005309559141594659,,-0.009256810383709327,,0
-0.009256810383709327,,0.0053305028535134405,,1
0.0053305028535134405,,-0.0005318059252837902,,0
-0.0005318059252837902,,0.0230306452756015,,1
0.0230306452756015,,0.0131166004758767,,1
0.0131166004758767,,-0.004421831564951532,,0
-0.004421831564951532,,0.004627066737626305,,1
0.004627066737626305,,0.010206252769505915,,1
0.010206252769505915,,-0.053283392051720335,,0
-0.053283392051720335,,-0.001822434964579917,,0
-0.001822434964579917,,-0.004839987459818101,,0
-0.004839987459818101,,-0.01138535550492744,,0
-0.01138535550492744,,-0.00865229956605072,,0
-0.00865229956605072,,0.0015387932744339837,,1
0.0015387932744339837,,-0.02254781381317353,,0
-0.02254781381317353,,0.02758725339368969,,1
0.02758725339368969,,0.005122919336603216,,1
0.005122919336603216,,0.005529308861168132,,1
0.005529308861168132,,0.0007565490396610735,,1
0.0007565490396610735,,0.02443962378478997,,1
0.02443962378478997,,-0.010385804685415705,,0
-0.010385804685415705,,-0.01643349818845198,,0
-0.01643349818845198,,0.004645898059757132,,1
0.004645898059757132,,0.006232578162319676,,1
0.006232578162319676,,0.011397042083535692,,1
0.011397042083535692,,0.0016931608500967347,,1
0.0016931608500967347,,0.0008455065894993238,,1
0.0008455065894993238,,-0.004871413979342277,,0
-0.004871413979342277,,-0.011209035757260583,,0
-0.011209035757260583,,-0.007543188605162699,,0
-0.007543188605162699,,0.003886441478565016,,1
0.003886441478565016,,0.019420155193829454,,1
0.019420155193829454,,-0.011371605874281933,,0
-0.011371605874281933,,-0.04906805267708815,,0
-0.04906805267708815,,-0.006871337651110927,,0
-0.006871337651110927,,-0.022056779917249653,,0
-0.022056779917249653,,-0.014901308983430877,,0
-0.014901308983430877,,0.042031632111290726,,1
0.042031632111290726,,-0.00011240518184275669,,0
-0.00011240518184275669,,0.028058382864103174,,1
0.028058382864103174,,0.004364846510273111,,1
0.004364846510273111,,0.0029356289301062295,,1
0.0029356289301062295,,-0.004788369627209005,,0
-0.004788369627209005,,0.0027234616211415184,,1
0.0027234616211415184,,-0.006877351014640502,,0
-0.006877351014640502,,0.005571068264223636,,1
0.005571068264223636,,0.004781521931329547,,1
0.004781521931329547,,-0.004454791236279008,,0
-0.004454791236279008,,-0.023691279398197873,,0
-0.023691279398197873,,-0.03195014803332725,,0
-0.03195014803332725,,0.04359046604717624,,1
0.04359046604717624,,0.011288395921048926,,1
0.011288395921048926,,0.010191943549269276,,1
0.010191943549269276,,0.006451700911371495,,1
0.006451700911371495,,0.00917536128204657,,1
0.00917536128204657,,0.005507286024585977,,1
0.005507286024585977,,-0.005719758379466367,,0
-0.005719758379466367,,-0.0044714028249545484,,0
-0.0044714028249545484,,0.012933512173829655,,1
0.012933512173829655,,0.025478390867595506,,1
0.025478390867595506,,0.0005132993110479463,,1
0.0005132993110479463,,0.015781984334380876,,1
0.015781984334380876,,0.017325588504410357,,1
0.017325588504410357,,0.0028751411339350366,,1
0.0028751411339350366,,0.010733167235879014,,1
0.010733167235879014,,0.020839150453236366,,1
0.020839150453236366,,-0.0008636470601521797,,0
-0.0008636470601521797,,0.017227833087313335,,1
0.017227833087313335,,-0.008053465841708372,,0
-0.008053465841708372,,-0.00975061990125902,,0
-0.00975061990125902,,-0.007617807733598991,,0
-0.007617807733598991,,-0.022712672343931508,,0
-0.022712672343931508,,0.01053937082896706,,1
0.01053937082896706,,0.004984637629485555,,1
0.004984637629485555,,0.0008771034603424401,,1
0.0008771034603424401,,-0.01531248187071239,,0
-0.01531248187071239,,0.00925479131219328,,1
