inp_z_score,out_z_score
0.03819988548496061,0.5308486294167978
0.5308486294167978,-0.19465994158465177
-0.19465994158465177,2.502792247048431
2.502792247048431,-0.07484479683067914
-0.07484479683067914,-0.27579339424651544
-0.27579339424651544,0.5908125627833006
0.5908125627833006,0.5251987271742478
0.5251987271742478,1.3068623562457473
1.3068623562457473,-0.04402736840995826
-0.04402736840995826,-0.05301683276787288
-0.05301683276787288,1.9372874209063375
1.9372874209063375,1.5407417344873058
1.5407417344873058,-0.7441712165994147
-0.7441712165994147,-0.6846111615598246
-0.6846111615598246,-0.39835115170604135
-0.39835115170604135,-0.05821097929741606
-0.05821097929741606,-0.0244145681719069
-0.0244145681719069,-0.8130204291322086
-0.8130204291322086,-0.0673124185225704
-0.0673124185225704,-0.6977142752972254
-0.6977142752972254,0.23074729343827638
0.23074729343827638,-0.11766466914561578
-0.11766466914561578,-0.2968107122398857
-0.2968107122398857,-0.4572286274828153
-0.4572286274828153,0.8213120754472752
0.8213120754472752,0.7652006562891724
0.7652006562891724,-0.5855380249120997
-0.5855380249120997,-0.47088050531405745
-0.47088050531405745,0.17216494390454742
0.17216494390454742,-0.12360805176594804
-0.12360805176594804,0.23875045644202067
0.23875045644202067,1.5190600869785986
1.5190600869785986,3.1974132935962216
3.1974132935962216,-0.8379152916156861
-0.8379152916156861,-0.9700821499569784
-0.9700821499569784,-0.05197225697545341
-0.05197225697545341,0.18720088721522948
0.18720088721522948,0.03318435833642818
0.03318435833642818,-0.859259632811589
-0.859259632811589,1.3797822662327828
1.3797822662327828,0.2765460512117829
0.2765460512117829,-0.1424330220143786
-0.1424330220143786,1.5061844608467485
1.5061844608467485,-0.5932582915507661
-0.5932582915507661,0.20600593615512566
0.20600593615512566,0.3504438910020075
0.3504438910020075,0.7231627667793801
0.7231627667793801,0.8040711982328606
0.8040711982328606,-0.47930745715587875
-0.47930745715587875,0.583280946508221
0.583280946508221,0.7693883904859505
0.7693883904859505,-2.013455048893789
-2.013455048893789,0.1502370801195768
0.1502370801195768,-0.177653365026926
-0.177653365026926,0.1782233635827848
0.1782233635827848,-0.0006824709939104332
-0.0006824709939104332,0.8783477121987585
0.8783477121987585,1.3379171877380933
1.3379171877380933,-1.6578057129736834
-1.6578057129736834,-0.2238328446498072
-0.2238328446498072,-0.3853117394295882
-0.3853117394295882,-0.3088176249471467
-0.3088176249471467,0.11397744237165375
0.11397744237165375,0.2146150722874897
0.2146150722874897,0.0667111114735891
0.0667111114735891,0.012812868060925298
0.012812868060925298,0.36992146051817754
0.36992146051817754,0.3329376865717639
0.3329376865717639,-2.0766362847081417
-2.0766362847081417,2.6338199758836276
2.6338199758836276,-1.0199094386666618
-1.0199094386666618,-0.5718775085337007
-0.5718775085337007,0.41791875463593925
0.41791875463593925,-1.317716035932602
-1.317716035932602,0.12081560879216775
0.12081560879216775,0.2582988856197018
0.2582988856197018,-0.975412055986757
-0.975412055986757,0.6325311541711001
0.6325311541711001,-1.5224845603695176
-1.5224845603695176,-0.6642090845025626
-0.6642090845025626,0.3109570432721894
0.3109570432721894,0.9151422012787493
0.9151422012787493,0.1713103619536265
0.1713103619536265,0.3339350362047782
0.3339350362047782,0.4275658125127474
0.4275658125127474,-0.19158716147429636
-0.19158716147429636,-0.400257247002617
-0.400257247002617,0.24284846532985374
0.24284846532985374,0.9022919758236223
0.9022919758236223,1.0023774990471515
1.0023774990471515,0.5060934569288058
0.5060934569288058,-0.06950142596262594
-0.06950142596262594,0.4909551946378192
0.4909551946378192,0.5586170546146951
0.5586170546146951,-0.5171775394967396
-0.5171775394967396,-0.6320151399912938
-0.6320151399912938,-0.10487074371487067
-0.10487074371487067,0.15145883623029985
0.15145883623029985,0.3200886940843743
0.3200886940843743,0.7997740422375559
0.7997740422375559,-0.6316182761405329
-0.6316182761405329,-1.5189139293555265
-1.5189139293555265,0.2870223140912984
0.2870223140912984,-0.631821576895166
-0.631821576895166,-0.1322877779691574
-0.1322877779691574,1.1304110242694336
1.1304110242694336,0.1439093760583488
0.1439093760583488,0.2391073749625583
0.2391073749625583,0.39908200014435796
0.39908200014435796,-1.183103047607471
-1.183103047607471,1.7058450519216917
1.7058450519216917,1.352866912241841
1.352866912241841,-1.700554262230532
-1.700554262230532,-0.05645238877150708
-0.05645238877150708,-0.11179483297708842
-0.11179483297708842,-0.3560108806534374
-0.3560108806534374,2.3754809381852366
2.3754809381852366,-2.153559004828456
-2.153559004828456,2.32846699920137
2.32846699920137,0.4500281267797141
0.4500281267797141,0.4759994245061069
0.4759994245061069,0.320618761355112
0.320618761355112,0.37644090282423703
0.37644090282423703,-1.0346102762387916
-1.0346102762387916,0.6726286707092558
0.6726286707092558,-1.3151788027899254
-1.3151788027899254,0.09361832023670179
0.09361832023670179,0.21919019051610225
0.21919019051610225,1.126979997895453
1.126979997895453,-0.7283899462778258
-0.7283899462778258,1.494774279982798
1.494774279982798,0.8896524771740276
0.8896524771740276,-0.9078110186721514
-0.9078110186721514,-0.29798907190950186
-0.29798907190950186,-0.8105991656147079
-0.8105991656147079,-0.8022059388072951
-0.8022059388072951,-0.21510929455742617
-0.21510929455742617,-0.3363011221391549
-0.3363011221391549,-0.05955085718868974
-0.05955085718868974,0.49306594576160856
0.49306594576160856,1.118928428551158
1.118928428551158,-0.5676630961226741
-0.5676630961226741,-0.5674474346418211
-0.5674474346418211,0.44357769785373763
0.44357769785373763,-0.12284757239070745
-0.12284757239070745,0.013377842077281404
0.013377842077281404,1.0916502661913676
1.0916502661913676,-0.5647660405469311
-0.5647660405469311,-0.031920336334104446
-0.031920336334104446,-0.4913111594011086
-0.4913111594011086,0.41537156285825433
0.41537156285825433,-0.6236490638547163
-0.6236490638547163,-0.39766663988810913
-0.39766663988810913,-0.1032207597774515
-0.1032207597774515,1.7103425825571243
1.7103425825571243,1.0093479513854073
1.0093479513854073,-0.9745809203068959
-0.9745809203068959,-0.4036074393306644
-0.4036074393306644,-0.09264424859040075
-0.09264424859040075,-0.6580598613989169
-0.6580598613989169,0.5943725392281888
0.5943725392281888,-0.05502658364663434
-0.05502658364663434,0.6701350853887869
0.6701350853887869,-0.5544248806996036
-0.5544248806996036,-0.47227244550030945
-0.47227244550030945,0.1925508178226107
0.1925508178226107,-0.20587596751782183
-0.20587596751782183,-0.5212792024847431
-0.5212792024847431,0.08357906347236566
0.08357906347236566,0.6533453793795189
0.6533453793795189,0.36718166656823104
0.36718166656823104,1.0261029042915
1.0261029042915,0.9401359121565482
0.9401359121565482,-0.3386029631631971
-0.3386029631631971,0.7356749246295871
0.7356749246295871,-0.051942040603902936
-0.051942040603902936,1.2730356921513546
1.2730356921513546,0.581920058878012
0.581920058878012,0.6259362628179735
0.6259362628179735,0.5453152107491066
0.5453152107491066,0.44453944233450626
0.44453944233450626,-1.0989334070206487
-1.0989334070206487,-2.5186270587374624
-2.5186270587374624,-0.2192523221733769
-0.2192523221733769,0.843718244326647
0.843718244326647,-0.19521228143080585
-0.19521228143080585,0.3202052197060425
0.3202052197060425,0.21447330455524227
0.21447330455524227,-0.7771261955358183
-0.7771261955358183,-1.2495931682343222
-1.2495931682343222,-0.32570432819099626
-0.32570432819099626,-1.0711021000737475
-1.0711021000737475,1.9135330011330147
1.9135330011330147,1.937312934948083
1.937312934948083,1.6849745863950654
1.6849745863950654,-0.5261004486394504
-0.5261004486394504,-1.6289410060302396
-1.6289410060302396,-0.13670321271907374
-0.13670321271907374,0.3853607195687188
0.3853607195687188,-0.2157569201696218
-0.2157569201696218,-0.7522077244649324
-0.7522077244649324,-2.1046359842106255
-2.1046359842106255,0.5334643318775912
0.5334643318775912,0.47119119878110055
0.47119119878110055,1.6602559205480538
1.6602559205480538,-0.3495966879148684
-0.3495966879148684,0.09354714322521664
0.09354714322521664,-0.920634463336751
-0.920634463336751,-0.3420363707886671
-0.3420363707886671,-0.6248363690181804
-0.6248363690181804,-1.657122185335633
-1.657122185335633,0.7096212692222865
0.7096212692222865,-0.39699635312983256
-0.39699635312983256,0.33358463140532324
0.33358463140532324,0.7826253931308823
0.7826253931308823,-0.4461504629202658
-0.4461504629202658,0.021442514122048537
0.021442514122048537,-0.1219551849435342
-0.1219551849435342,0.6779612986186134
0.6779612986186134,0.45848117434393815
0.45848117434393815,0.6490539841635949
0.6490539841635949,-3.9509801891334937
-3.9509801891334937,1.030627979850738
1.030627979850738,-0.6143643385580564
-0.6143643385580564,0.4957661507322218
0.4957661507322218,0.8279268679333696
0.8279268679333696,-0.23890825540641847
-0.23890825540641847,-0.9690636802419696
-0.9690636802419696,1.8036120290130107
1.8036120290130107,1.6465461705526137
1.6465461705526137,-0.43733475478488393
-0.43733475478488393,0.3309207677595105
0.3309207677595105,-0.39488912442531643
-0.39488912442531643,0.4088544660241651
0.4088544660241651,0.08768477246597998
0.08768477246597998,0.6865234709006368
0.6865234709006368,0.9904041422143993
0.9904041422143993,-0.07687901992874699
-0.07687901992874699,0.2241679043103108
0.2241679043103108,-0.22722005915471236
-0.22722005915471236,1.309526987078455
1.309526987078455,-0.9396019327268919
-0.9396019327268919,0.4465045182941447
0.4465045182941447,-0.7874235372833689
-0.7874235372833689,-0.20952911430478824
-0.20952911430478824,-0.3196816534589175
-0.3196816534589175,0.17391965109341992
0.17391965109341992,0.4379279630345739
0.4379279630345739,0.012681649292730645
0.012681649292730645,-0.24915036258232012
-0.24915036258232012,0.2832514819376642
0.2832514819376642,-0.010446276127375089
-0.010446276127375089,0.2997772228508617
0.2997772228508617,-0.3021970130518408
-0.3021970130518408,-0.34065574841729884
-0.34065574841729884,-0.11983998897675728
-0.11983998897675728,0.9685610821378754
0.9685610821378754,-0.028815457624886485
-0.028815457624886485,0.006282354224028193
0.006282354224028193,0.2875729765382621
0.2875729765382621,1.5267003323732453
1.5267003323732453,1.7002585925522546
1.7002585925522546,-0.4177840686749964
-0.4177840686749964,-0.6294593028033854
-0.6294593028033854,0.47556422420017236
0.47556422420017236,-0.669245630501455
-0.669245630501455,-0.2572839858106045
-0.2572839858106045,-0.2820066986698187
-0.2820066986698187,0.30616218606650397
0.30616218606650397,0.3391298057764617
0.3391298057764617,0.13233219381523156
0.13233219381523156,-0.5182526751565928
-0.5182526751565928,0.29031959380096145
0.29031959380096145,-0.04328551603888652
-0.04328551603888652,0.24405946971056572
0.24405946971056572,0.49848973301103994
0.49848973301103994,0.5867075374989854
0.5867075374989854,-0.1939433610757681
-0.1939433610757681,-0.5609811903831217
-0.5609811903831217,0.39546073223747785
0.39546073223747785,0.4951772980938875
0.4951772980938875,-0.21458008103023102
-0.21458008103023102,0.11309882278350614
0.11309882278350614,0.8278568557320309
0.8278568557320309,0.6449781863465458
0.6449781863465458,-0.995148567242746
-0.995148567242746,-0.26219357786176467
-0.26219357786176467,0.004221529313242402
0.004221529313242402,-0.9108193623383749
-0.9108193623383749,-0.10886031018396762
-0.10886031018396762,-0.523573324769265
-0.523573324769265,-0.1445564963588269
-0.1445564963588269,-0.24837376943251374
-0.24837376943251374,-0.1964339053426067
-0.1964339053426067,0.675641239038847
0.675641239038847,-0.6918195009462113
-0.6918195009462113,0.39290235653147626
0.39290235653147626,0.24328728233999286
0.24328728233999286,0.13826233193138604
0.13826233193138604,0.17971045936288027
0.17971045936288027,-0.5111208445257329
-0.5111208445257329,-0.7475770117273269
-0.7475770117273269,0.8465291933296132
0.8465291933296132,0.010317694347101385
0.010317694347101385,1.0156447113500067
1.0156447113500067,1.4021585720828418
1.4021585720828418,-0.7322211809010782
-0.7322211809010782,0.04804956050398865
0.04804956050398865,-0.3029768671957512
-0.3029768671957512,-0.4496441707876721
-0.4496441707876721,-0.6029006694763317
-0.6029006694763317,0.20579026782231324
0.20579026782231324,0.157163625315008
0.157163625315008,-0.7041313512992884
-0.7041313512992884,-0.15906061246499165
-0.15906061246499165,0.273353495666782
0.273353495666782,-0.9922737536502629
-0.9922737536502629,0.668945795986579
0.668945795986579,-0.3786564028628827
-0.3786564028628827,-0.3165393442333011
-0.3165393442333011,0.27173652820359623
0.27173652820359623,-0.5100679868094147
-0.5100679868094147,-0.28748207130749204
-0.28748207130749204,0.8137277557849594
0.8137277557849594,0.9458679173418099
0.9458679173418099,-0.015113277679701286
-0.015113277679701286,0.17303339995024444
0.17303339995024444,0.05677461003666697
0.05677461003666697,-0.1401885845018467
-0.1401885845018467,-0.7005072229572006
-0.7005072229572006,0.3285966264737789
0.3285966264737789,0.1215303076356779
0.1215303076356779,-0.3732863382765301
-0.3732863382765301,0.655388632604515
0.655388632604515,0.16731270318601488
0.16731270318601488,0.16276274213300856
0.16276274213300856,-0.41908740544987255
-0.41908740544987255,0.29745895424270685
0.29745895424270685,-0.32936335678100087
-0.32936335678100087,-0.6104693249247485
-0.6104693249247485,-0.12584669139503282
-0.12584669139503282,0.19287775628223006
0.19287775628223006,0.20623338704869507
0.20623338704869507,-0.01758339762240916
-0.01758339762240916,0.34308534253282846
0.34308534253282846,-0.022313645210415577
-0.022313645210415577,-0.08291468879621897
-0.08291468879621897,-0.2481541965753882
-0.2481541965753882,0.18983871935772487
0.18983871935772487,0.03301988536353555
0.03301988536353555,-0.2241361706868933
-0.2241361706868933,0.22000243025368094
0.22000243025368094,-0.3229158775258431
-0.3229158775258431,0.32747670197259726
0.32747670197259726,0.5322893467379067
0.5322893467379067,0.7474479958360476
0.7474479958360476,0.299644380816531
0.299644380816531,-0.7921322350010586
-0.7921322350010586,1.6535961955609901
1.6535961955609901,0.34188013084797536
0.34188013084797536,0.14559978607301677
0.14559978607301677,0.06559096492821774
0.06559096492821774,0.12352460213602215
0.12352460213602215,-0.4494185227471326
-0.4494185227471326,0.770203960855124
0.770203960855124,-0.5898833118967924
-0.5898833118967924,-0.17828645353122075
-0.17828645353122075,-0.30435408022486593
-0.30435408022486593,-0.052998481984940685
-0.052998481984940685,-0.19613161120196052
-0.19613161120196052,0.9248405548383701
0.9248405548383701,0.9614953248914838
0.9614953248914838,-0.5433451022712605
-0.5433451022712605,-0.5649898414237265
-0.5649898414237265,-0.7435359564914314
-0.7435359564914314,-0.32266779549481955
-0.32266779549481955,0.8842030776926274
0.8842030776926274,0.06814400952906179
0.06814400952906179,-0.9559212703135258
-0.9559212703135258,-1.3754178223401714
-1.3754178223401714,-0.9900076771532272
-0.9900076771532272,-0.6141758063613301
-0.6141758063613301,1.1471325178343754
1.1471325178343754,-0.7537952175684907
-0.7537952175684907,0.5364832245000759
0.5364832245000759,-0.5237415097948729
-0.5237415097948729,1.33178522099963
1.33178522099963,-0.16358875623750888
-0.16358875623750888,0.1731537586753043
0.1731537586753043,-0.06723661670587511
-0.06723661670587511,-0.9905103205383342
-0.9905103205383342,-0.22804667577418158
-0.22804667577418158,0.2540186699134648
0.2540186699134648,0.35211891461853095
0.35211891461853095,0.041049263541569306
0.041049263541569306,0.34985893526706713
0.34985893526706713,0.4272766137857054
0.4272766137857054,-0.4423572743964005
-0.4423572743964005,-0.0554302818796285
-0.0554302818796285,-0.3586063748190729
-0.3586063748190729,-0.43090680747215065
-0.43090680747215065,-0.09907013998726398
-0.09907013998726398,0.3932984812006371
0.3932984812006371,-0.19891664355362185
-0.19891664355362185,0.2965518363346217
0.2965518363346217,-1.0704453274346883
-1.0704453274346883,0.2391617542805342
0.2391617542805342,0.33202863926592785
0.33202863926592785,-0.10116130469933539
-0.10116130469933539,-0.07851209161083259
-0.07851209161083259,0.05277498427837387
0.05277498427837387,-0.2311596064843283
-0.2311596064843283,-0.7558661168944439
-0.7558661168944439,-1.4024812920869045
-1.4024812920869045,-0.24655486929717377
-0.24655486929717377,-0.15713753934048066
-0.15713753934048066,-0.08061198106717214
-0.08061198106717214,-0.30314802094752225
-0.30314802094752225,-0.16263070851577469
-0.16263070851577469,0.0892933269605869
0.0892933269605869,-0.4249716615752853
-0.4249716615752853,-0.6314418045692894
-0.6314418045692894,0.4981542028848693
0.4981542028848693,0.9408460714326833
0.9408460714326833,-0.10008162829162334
-0.10008162829162334,0.47033913090898516
0.47033913090898516,-0.07237849700692192
-0.07237849700692192,0.48163482830131976
0.48163482830131976,2.5274963214922526
2.5274963214922526,-0.886742574671599
-0.886742574671599,-0.026776621812987237
-0.026776621812987237,0.4269347724362652
0.4269347724362652,0.048159560127133
0.048159560127133,0.08548430250994868
0.08548430250994868,0.1592533278375951
0.1592533278375951,0.1929216924677969
0.1929216924677969,-0.5681333585431462
-0.5681333585431462,-0.43119715293167443
-0.43119715293167443,0.2705087202069286
0.2705087202069286,-0.5569889625612741
-0.5569889625612741,0.32792477027660993
0.32792477027660993,-0.6191296514219342
-0.6191296514219342,-0.6165929953993504
-0.6165929953993504,0.46371177413852804
0.46371177413852804,0.392660371015063
0.392660371015063,-0.5457766324123217
-0.5457766324123217,0.06173825269176373
0.06173825269176373,-0.2527949847480176
-0.2527949847480176,-0.15379491486638247
-0.15379491486638247,0.4743418481214052
0.4743418481214052,3.9793254926707218
3.9793254926707218,0.2184802833704113
0.2184802833704113,0.4350619279949557
0.4350619279949557,0.2606472004573148
0.2606472004573148,-0.7904204857117525
-0.7904204857117525,0.04618888123867037
0.04618888123867037,-0.40540723766789116
-0.40540723766789116,0.24247225256713195
0.24247225256713195,-0.5132030062977628
-0.5132030062977628,0.25570300494779946
0.25570300494779946,-0.39574079837345855
-0.39574079837345855,0.25660781961018264
0.25660781961018264,-0.31212696554680847
-0.31212696554680847,-0.08521264109589416
-0.08521264109589416,0.6862181880530002
0.6862181880530002,0.22186775738709857
0.22186775738709857,-0.43833885709480896
-0.43833885709480896,0.8919726303275544
0.8919726303275544,0.07451950501322609
0.07451950501322609,1.5568751800446599
1.5568751800446599,-0.42250331124505325
-0.42250331124505325,-0.14098928611254005
-0.14098928611254005,-0.6748620231744431
-0.6748620231744431,-0.43754663830677437
-0.43754663830677437,-0.037566775257927794
-0.037566775257927794,0.6100374549225607
0.6100374549225607,0.456372500644329
0.456372500644329,-1.0507909217889304
-1.0507909217889304,0.1291038105180946
0.1291038105180946,2.988766053498346
2.988766053498346,0.2803954509289678
0.2803954509289678,1.0682800904748253
1.0682800904748253,-0.21946205682055422
-0.21946205682055422,-2.2863099735455985
-2.2863099735455985,-0.5409586487686182
-0.5409586487686182,-0.07458629437074049
-0.07458629437074049,-0.313358108416795
-0.313358108416795,0.1709143240028998
0.1709143240028998,-0.06165125752944139
-0.06165125752944139,0.2620484819897571
0.2620484819897571,0.5287874872108398
0.5287874872108398,0.09095284544140879
0.09095284544140879,1.5436436237259747
1.5436436237259747,-1.7141469759996852
-1.7141469759996852,-0.37271378684564865
-0.37271378684564865,0.13035930766605378
0.13035930766605378,0.4138255467118424
0.4138255467118424,1.026582691292242
1.026582691292242,-0.6420462879580354
-0.6420462879580354,0.3093181594897661
0.3093181594897661,-0.4164535296823538
-0.4164535296823538,-0.2817217813166206
-0.2817217813166206,0.02673259533855003
0.02673259533855003,-0.6142377950274294
-0.6142377950274294,0.31148638115274185
0.31148638115274185,-0.16182639675941976
-0.16182639675941976,0.15582572444348403
0.15582572444348403,-0.25570495911378677
-0.25570495911378677,-0.10086278169728471
-0.10086278169728471,0.5248877855634556
0.5248877855634556,-0.6983978413069809
-0.6983978413069809,-0.21577646308335557
-0.21577646308335557,-1.9631860545351754
-1.9631860545351754,0.7828370578571034
0.7828370578571034,-0.2972006888589038
-0.2972006888589038,0.32985232904571915
0.32985232904571915,-0.1039167892230157
-0.1039167892230157,-0.20900646463168007
-0.20900646463168007,0.6245904259634615
0.6245904259634615,0.26007016529742777
0.26007016529742777,0.0026021224803088137
0.0026021224803088137,-0.03917374448629329
-0.03917374448629329,0.35976059021626366
0.35976059021626366,-0.7583801305919471
-0.7583801305919471,-0.04991121389415284
-0.04991121389415284,-0.4261436701743136
-0.4261436701743136,0.04394817294975172
0.04394817294975172,-0.26136404399245433
-0.26136404399245433,-0.33106284889359
-0.33106284889359,-0.10199685562757317
-0.10199685562757317,0.3208352088893227
0.3208352088893227,0.32869119476390063
0.32869119476390063,0.22256002838692165
0.22256002838692165,-0.06787461244411719
-0.06787461244411719,-2.8170002831841816
-2.8170002831841816,1.0725738782224692
1.0725738782224692,0.14294954707347304
0.14294954707347304,0.9142604342140923
0.9142604342140923,-0.038695509193938
-0.038695509193938,1.0655443078223539
1.0655443078223539,0.29750607625389586
0.29750607625389586,0.1972631634505652
0.1972631634505652,0.1903824156937025
0.1903824156937025,0.552181505283717
0.552181505283717,0.9244535154219902
0.9244535154219902,0.19065489562643353
0.19065489562643353,-0.012979129855640991
-0.012979129855640991,0.18209230936869952
0.18209230936869952,0.7504896609459123
0.7504896609459123,-0.019095866707450462
-0.019095866707450462,-0.32904648436194484
-0.32904648436194484,0.4543159685101089
0.4543159685101089,-0.07736187697885609
-0.07736187697885609,-0.9024561579861654
-0.9024561579861654,-0.39319273962654033
-0.39319273962654033,0.8014403100583618
0.8014403100583618,-0.7522510734751343
-0.7522510734751343,-1.1460117056462469
-1.1460117056462469,-0.161516718703191
-0.161516718703191,-0.10776746013197903
-0.10776746013197903,-0.24368912086853453
-0.24368912086853453,-0.9818412982055422
-0.9818412982055422,0.5997376002275423
0.5997376002275423,-0.524666680532192
-0.524666680532192,1.4614511868828468
1.4614511868828468,-0.16842517070136018
-0.16842517070136018,0.6816176528205288
0.6816176528205288,-0.5051243707178297
-0.5051243707178297,0.6145963991073289
0.6145963991073289,-0.5560041774526829
-0.5560041774526829,0.190292944237847
0.190292944237847,0.3965667435795127
0.3965667435795127,0.40045810778059593
0.40045810778059593,0.45280381321970775
0.45280381321970775,0.8914597202900482
0.8914597202900482,0.31964700727682516
0.31964700727682516,0.40032512530190645
0.40032512530190645,0.09496839795307085
0.09496839795307085,-0.3083074363183996
-0.3083074363183996,0.3360995871131765
0.3360995871131765,0.11254699522832783
0.11254699522832783,0.05346227768170304
0.05346227768170304,0.3730874946036978
0.3730874946036978,-0.1630853565791407
-0.1630853565791407,-0.18916338485801654
-0.18916338485801654,-0.36624262752170866
-0.36624262752170866,0.4711515270142273
0.4711515270142273,-0.499165382108513
-0.499165382108513,0.3659437747292721
0.3659437747292721,-0.5493158249490165
-0.5493158249490165,-0.1916911099048262
-0.1916911099048262,0.2886804151736337
0.2886804151736337,-0.4758333833497448
-0.4758333833497448,-0.8904503612631224
-0.8904503612631224,-1.0889001511681011
-1.0889001511681011,1.1374147937030867
1.1374147937030867,1.0740126191199664
1.0740126191199664,-0.05969851849850638
-0.05969851849850638,0.6674295647343643
0.6674295647343643,0.2050183914886278
0.2050183914886278,-0.06062923739432534
-0.06062923739432534,0.587503959126968
0.587503959126968,-0.3494291725423458
-0.3494291725423458,-0.2937581423218588
-0.2937581423218588,-0.7651364310951924
-0.7651364310951924,1.3150681328218343
1.3150681328218343,-0.20986857491216993
-0.20986857491216993,0.27277148602315504
0.27277148602315504,1.0741119574513198
1.0741119574513198,0.9942851121240912
0.9942851121240912,-0.6692018592935376
-0.6692018592935376,-0.17974924029454661
-0.17974924029454661,-1.0747850580874792
-1.0747850580874792,0.5293143190736982
0.5293143190736982,0.7823799227743802
0.7823799227743802,-0.5914762280912941
-0.5914762280912941,0.5437228649060862
0.5437228649060862,0.03444683305250879
0.03444683305250879,0.7559361782823146
0.7559361782823146,0.7466267264571372
0.7466267264571372,0.7825616019141615
0.7825616019141615,-0.8454248489078302
-0.8454248489078302,-0.3227097070767965
-0.3227097070767965,0.3671081810817936
0.3671081810817936,-0.17103287020587446
-0.17103287020587446,0.49613981478270464
0.49613981478270464,-0.2121877007322272
-0.2121877007322272,0.24581649534225972
0.24581649534225972,0.4662870466644018
0.4662870466644018,0.3536276835519561
0.3536276835519561,-0.2085418246942049
-0.2085418246942049,-0.36635242415565267
-0.36635242415565267,-0.448599256461269
-0.448599256461269,-0.22693075338511348
-0.22693075338511348,-0.848568310590424
-0.848568310590424,0.31270012439964373
0.31270012439964373,-0.5274561448292325
-0.5274561448292325,0.3730167174860677
0.3730167174860677,0.418179816851891
0.418179816851891,1.059351468778658
1.059351468778658,0.08653522294959343
0.08653522294959343,-0.30922608919348243
-0.30922608919348243,-0.32271387673349194
-0.32271387673349194,0.2075647846607456
0.2075647846607456,-0.36156599281886215
-0.36156599281886215,0.7459690769945818
0.7459690769945818,0.3218102988823347
0.3218102988823347,0.057681332509365794
0.057681332509365794,0.36794370011187666
0.36794370011187666,0.6587819215576997
0.6587819215576997,-0.12617360760653695
-0.12617360760653695,-0.13759555192700615
-0.13759555192700615,0.22606110312737782
0.22606110312737782,0.16138058722244936
0.16138058722244936,0.24686779372430526
0.24686779372430526,0.16149258608193492
0.16149258608193492,-0.6562473963560166
-0.6562473963560166,0.36408107584607396
0.36408107584607396,-0.5894058521806019
-0.5894058521806019,0.9259435622597274
0.9259435622597274,-0.40437357007263713
-0.40437357007263713,0.5501772459629642
0.5501772459629642,0.45087277577347384
0.45087277577347384,0.04878895051523084
0.04878895051523084,0.3614751359732577
0.3614751359732577,-0.4587662574341659
-0.4587662574341659,0.5390833988458652
0.5390833988458652,0.9214491544630583
0.9214491544630583,-0.6577826321248731
-0.6577826321248731,0.8184427774670037
0.8184427774670037,0.08184994181179545
0.08184994181179545,0.3404114797439379
0.3404114797439379,-0.6778820539875517
-0.6778820539875517,-0.038664533905780944
-0.038664533905780944,-0.20602733577722296
-0.20602733577722296,-0.07280105926683875
-0.07280105926683875,-1.1291788639342801
-1.1291788639342801,0.23354610942746623
0.23354610942746623,-0.24396213852217252
-0.24396213852217252,0.019089883737890518
0.019089883737890518,-0.1384985140436649
-0.1384985140436649,-1.3607341222670049
-1.3607341222670049,0.310718534613555
0.310718534613555,-0.0849500490504196
-0.0849500490504196,-1.2223739582947606
-1.2223739582947606,-0.4368861058904165
-0.4368861058904165,0.40152406957126785
0.40152406957126785,0.34907076054237224
0.34907076054237224,0.7076473979143518
0.7076473979143518,-0.5196439816088206
-0.5196439816088206,0.396227374401107
0.396227374401107,0.38266162126199715
0.38266162126199715,0.6898997574631903
0.6898997574631903,-1.7781996670878528
-1.7781996670878528,0.19127655885635372
0.19127655885635372,-0.5423410450926591
-0.5423410450926591,-0.8581937550437997
-0.8581937550437997,0.22278665976209205
0.22278665976209205,-0.9926289092933834
-0.9926289092933834,-0.31451029954205373
-0.31451029954205373,0.2824814806313867
0.2824814806313867,4.648316999515221
4.648316999515221,0.47484116895209466
0.47484116895209466,-0.7124294427145266
-0.7124294427145266,1.3323512402147482
1.3323512402147482,0.06203260308937701
0.06203260308937701,0.3354144882092855
0.3354144882092855,0.22320869311764532
0.22320869311764532,0.24318920081352752
0.24318920081352752,0.6631734797049419
0.6631734797049419,-0.7145699032285999
-0.7145699032285999,0.12916025000353423
0.12916025000353423,-0.23586347014623113
-0.23586347014623113,0.2793115198194398
0.2793115198194398,0.432773107973266
0.432773107973266,-0.34386008014197456
-0.34386008014197456,0.1744045833056278
0.1744045833056278,-0.26489973210717943
-0.26489973210717943,0.29475402039488285
0.29475402039488285,-0.223158591352838
-0.223158591352838,0.27384347814902815
0.27384347814902815,-0.29872680659261164
-0.29872680659261164,-0.26845353399988797
-0.26845353399988797,-0.16810545317521922
-0.16810545317521922,-0.4175565672881676
-0.4175565672881676,-0.03869010065244446
-0.03869010065244446,0.5648020419945768
0.5648020419945768,-0.5365882737616111
-0.5365882737616111,0.6269650480212513
0.6269650480212513,0.07603270704802322
0.07603270704802322,0.44211118858707044
0.44211118858707044,1.1171925109077971
1.1171925109077971,1.3007366232902895
1.3007366232902895,-0.23074905132510867
-0.23074905132510867,-1.0156804448600736
-1.0156804448600736,0.027626266455397345
0.027626266455397345,0.07180546702304025
0.07180546702304025,-0.3081349770501807
-0.3081349770501807,1.121077778838368
1.121077778838368,-0.5937046479937542
-0.5937046479937542,-0.03492528997895383
-0.03492528997895383,0.7749002589059871
0.7749002589059871,-0.7709412013676621
-0.7709412013676621,-0.5232276618480541
-0.5232276618480541,-0.21825054647313408
-0.21825054647313408,0.01665365796472913
0.01665365796472913,0.17209649262770688
0.17209649262770688,-0.31657606389287607
-0.31657606389287607,-1.0599345989516054
-1.0599345989516054,-0.2878226695362418
-0.2878226695362418,0.20610714463950242
0.20610714463950242,0.7687375363510215
0.7687375363510215,-0.44025466716726736
-0.44025466716726736,-0.221315537857939
-0.221315537857939,0.3822160783965907
0.3822160783965907,0.12244531899790959
0.12244531899790959,0.8127618947336511
0.8127618947336511,-1.7902731559185079
-1.7902731559185079,0.2964314938251746
0.2964314938251746,-0.3506255790597976
-0.3506255790597976,-0.24215463011874835
-0.24215463011874835,0.6665926044473272
0.6665926044473272,1.7659877146292673
1.7659877146292673,1.085676609400511
1.085676609400511,1.8695461956707462
1.8695461956707462,-0.49834691702922246
-0.49834691702922246,-0.44040821577604616
-0.44040821577604616,0.2645793519738182
0.2645793519738182,-0.06319638268257378
-0.06319638268257378,0.10782763633636308
0.10782763633636308,0.2452401822822002
0.2452401822822002,0.27100485923996703
0.27100485923996703,-2.271776486883571
-2.271776486883571,0.010213168366973072
0.010213168366973072,-0.2177360541708691
-0.2177360541708691,0.3712199004405401
0.3712199004405401,-1.0831090888601638
-1.0831090888601638,0.4815488956906008
0.4815488956906008,0.3297226508269623
0.3297226508269623,-0.33538436605608474
-0.33538436605608474,0.39706725189445413
0.39706725189445413,0.6962530147984487
0.6962530147984487,0.05793301207302689
0.05793301207302689,-0.26419301899413505
-0.26419301899413505,-1.5297967089306401
-1.5297967089306401,0.8548839016223497
0.8548839016223497,-0.40160839044787483
-0.40160839044787483,-0.058577712137098274
-0.058577712137098274,0.6619245890060849
0.6619245890060849,-0.16786138061063208
-0.16786138061063208,0.7199968381770617
0.7199968381770617,0.48345199820700935
0.48345199820700935,-1.1164880486568693
-1.1164880486568693,0.18696170591383235
0.18696170591383235,-0.18333895258956642
-0.18333895258956642,0.21838412145085045
0.21838412145085045,-1.1264285895728237
-1.1264285895728237,0.3299946337315564
0.3299946337315564,-0.943542526365191
-0.943542526365191,-0.9979120862511648
-0.9979120862511648,-0.8956551114992808
-0.8956551114992808,2.060185084537467
2.060185084537467,-0.10246226923598105
-0.10246226923598105,0.9305899298938961
0.9305899298938961,-0.944287974047512
-0.944287974047512,-0.08083137121564837
-0.08083137121564837,0.46503900715969915
0.46503900715969915,-1.2289170395304811
-1.2289170395304811,-0.7011806485763077
-0.7011806485763077,0.5095437906345555
0.5095437906345555,0.5556086242375484
0.5556086242375484,0.4380966684762661
0.4380966684762661,0.2613156212548811
0.2613156212548811,-2.605085129095694
-2.605085129095694,3.0016760484686262
3.0016760484686262,2.0389798548220286
2.0389798548220286,0.5827229118880719
0.5827229118880719,-0.4349598121699029
-0.4349598121699029,-0.030682178828404415
-0.030682178828404415,-0.6469659179357449
-0.6469659179357449,0.23551682867246518
0.23551682867246518,-1.4603571193091516
-1.4603571193091516,0.3759596037157986
0.3759596037157986,0.25281677839249356
0.25281677839249356,1.4044196855866962
1.4044196855866962,1.9090927494062697
1.9090927494062697,-0.8021721538314056
-0.8021721538314056,0.25469796371039594
0.25469796371039594,0.3953047844439035
0.3953047844439035,-0.38195226548885475
-0.38195226548885475,0.5244365023046934
0.5244365023046934,0.04550450216848781
0.04550450216848781,0.0681679501718661
0.0681679501718661,0.5380477214021894
0.5380477214021894,-0.5935768151622847
-0.5935768151622847,0.054529917822355146
0.054529917822355146,-0.29436902848115276
-0.29436902848115276,0.26965494968858045
0.26965494968858045,-0.19380588219074252
-0.19380588219074252,-0.8026382130137899
-0.8026382130137899,-0.42599320720699346
-0.42599320720699346,-1.1679264699230574
-1.1679264699230574,0.9759048745838323
0.9759048745838323,1.4306248890251925
1.4306248890251925,1.7870479874186287
1.7870479874186287,-0.6289724557275483
-0.6289724557275483,0.30867065139092975
0.30867065139092975,0.39801352340843077
0.39801352340843077,0.595028008421056
0.595028008421056,0.7053841814769786
0.7053841814769786,-0.5620229146868478
-0.5620229146868478,-0.3941703739161458
-0.3941703739161458,-0.4825156683007736
-0.4825156683007736,0.622459673517617
0.622459673517617,-0.034329053220846235
-0.034329053220846235,-0.07187312727123574
-0.07187312727123574,-0.2925691473698265
-0.2925691473698265,-0.08260033778272241
-0.08260033778272241,0.04364294991919885
0.04364294991919885,-0.19049623122738535
-0.19049623122738535,0.6499177653809621
0.6499177653809621,0.1260699814564037
0.1260699814564037,0.20427000378930543
0.20427000378930543,0.7569606929013759
0.7569606929013759,-0.3853669782918988
-0.3853669782918988,0.20281779334287692
0.20281779334287692,0.5118066416913832
0.5118066416913832,0.1527086288942086
0.1527086288942086,-0.21174088188149084
-0.21174088188149084,-0.20303158446123332
-0.20303158446123332,-0.26032139146680155
-0.26032139146680155,0.14432570143662918
0.14432570143662918,0.49163622886722513
0.49163622886722513,-0.1816383285341712
-0.1816383285341712,-0.39329998414749806
-0.39329998414749806,0.20163444885768922
0.20163444885768922,-1.2280625571773396
-1.2280625571773396,0.09021585353090711
0.09021585353090711,0.7002110816072514
0.7002110816072514,-0.025232278261850965
-0.025232278261850965,0.6065211515819598
0.6065211515819598,-0.5789416298635552
-0.5789416298635552,0.24817937749889601
0.24817937749889601,0.5329327193941773
0.5329327193941773,0.2826182286376176
0.2826182286376176,0.02418944742707519
0.02418944742707519,0.9909410330172254
0.9909410330172254,-0.3450038533583889
-0.3450038533583889,-2.491104196894907
-2.491104196894907,1.2563104058043837
1.2563104058043837,-0.6343078268322073
-0.6343078268322073,0.22243565626483278
0.22243565626483278,-0.023108265358220383
-0.023108265358220383,0.3229236634254594
0.3229236634254594,-0.23212790584986986
-0.23212790584986986,0.18861501090128097
0.18861501090128097,0.07940877560523475
0.07940877560523475,-0.19032592688653166
-0.19032592688653166,-0.4223072683053371
-0.4223072683053371,0.39262683952757166
0.39262683952757166,0.30500857330351494
0.30500857330351494,-0.05840279599342096
-0.05840279599342096,-0.337769706886108
-0.337769706886108,0.10051482165911518
0.10051482165911518,0.49292079633190183
0.49292079633190183,0.8420669716870375
0.8420669716870375,0.21608979948313067
0.21608979948313067,0.5485915836154001
0.5485915836154001,0.170125674989812
0.170125674989812,-0.20673800476496884
-0.20673800476496884,0.12665431335256752
0.12665431335256752,-0.677716373826884
-0.677716373826884,-0.4162807521480042
-0.4162807521480042,-0.4600003769946616
-0.4600003769946616,-0.1396066262581007
-0.1396066262581007,0.5171798578694383
0.5171798578694383,0.41388595563349573
0.41388595563349573,0.40574687806638277
0.40574687806638277,0.5803736253494924
0.5803736253494924,-0.2086019738530144
-0.2086019738530144,0.32972334767383765
0.32972334767383765,-0.062253287803790615
-0.062253287803790615,0.12776908675707188
0.12776908675707188,-0.22380625633562373
-0.22380625633562373,0.673447614339763
0.673447614339763,-0.11924198990645292
-0.11924198990645292,-2.9472565533944706
-2.9472565533944706,0.4244245057636451
0.4244245057636451,0.34760805368345393
0.34760805368345393,0.4996530838724246
0.4996530838724246,-0.15599590509096806
-0.15599590509096806,-0.13730442518357733
-0.13730442518357733,-0.564146045380107
-0.564146045380107,0.49177781134514476
0.49177781134514476,-0.25981524257431043
-0.25981524257431043,0.04538024860132219
0.04538024860132219,0.6843818667516435
0.6843818667516435,-1.0125685224218097
-1.0125685224218097,0.1787230580071151
0.1787230580071151,0.61984853740522
0.61984853740522,0.32387012190378445
0.32387012190378445,0.9110907299640392
0.9110907299640392,0.579600703867989
0.579600703867989,0.08250405056597235
0.08250405056597235,-0.13802282209635916
-0.13802282209635916,0.5580129760812813
0.5580129760812813,-0.10871270158061931
-0.10871270158061931,0.5631334224434733
0.5631334224434733,0.18531807701638525
0.18531807701638525,-0.041541384570078776
-0.041541384570078776,0.020856640396436896
0.020856640396436896,0.3181121487222166
0.3181121487222166,1.7205910159623896
1.7205910159623896,-1.2103592930423763
-1.2103592930423763,0.6611802252192317
0.6611802252192317,-0.1319218868832106
-0.1319218868832106,-0.3294104320453822
-0.3294104320453822,0.8932864748808317
0.8932864748808317,-0.20026855847834288
-0.20026855847834288,0.5928718645613108
0.5928718645613108,-0.26526600079996404
-0.26526600079996404,-0.28976379975675814
-0.28976379975675814,-0.5705160611090228
-0.5705160611090228,0.25456776039747875
0.25456776039747875,-0.70035796956652
-0.70035796956652,0.1825318206183447
0.1825318206183447,-0.42268746275948105
-0.42268746275948105,0.24162845057429308
0.24162845057429308,1.1555867119468017
1.1555867119468017,0.45157981218222415
0.45157981218222415,0.42856445560078144
0.42856445560078144,0.03671327918708457
0.03671327918708457,-0.7606208706790495
-0.7606208706790495,-0.6439438327881511
-0.6439438327881511,-0.4650249290167813
-0.4650249290167813,1.0626229809583387
1.0626229809583387,-0.22411627159413527
-0.22411627159413527,-0.04282517424341723
-0.04282517424341723,-0.5831659352567093
-0.5831659352567093,0.6029593877919631
0.6029593877919631,0.21412626427496323
0.21412626427496323,1.4119520968669794
1.4119520968669794,1.0121202245640306
1.0121202245640306,0.694857226409771
0.694857226409771,-0.6451105942383103
-0.6451105942383103,0.37607488320094706
0.37607488320094706,0.23984621277979318
0.23984621277979318,-0.17921266112083128
-0.17921266112083128,-0.29512733565100935
-0.29512733565100935,-0.5356687330833079
-0.5356687330833079,0.38889182096892905
0.38889182096892905,0.5251079554317429
0.5251079554317429,0.6770444550325352
0.6770444550325352,-0.7567026495065988
-0.7567026495065988,-0.3124997342323579
-0.3124997342323579,-1.2404400021451871
-1.2404400021451871,0.2901800488614556
0.2901800488614556,-0.8096527630646564
-0.8096527630646564,0.05936751181943782
0.05936751181943782,0.28834550931632474
0.28834550931632474,-0.03396354691162629
-0.03396354691162629,0.21559153659895738
0.21559153659895738,0.34998846583396626
0.34998846583396626,0.40749529966841214
0.40749529966841214,-1.2094779294474658
-1.2094779294474658,-0.3204809014727539
-0.3204809014727539,-1.1691984545566512
-1.1691984545566512,-0.5472824237326385
-0.5472824237326385,0.14007929939905647
0.14007929939905647,-0.31384936560664917
-0.31384936560664917,-0.06952864948114763
-0.06952864948114763,0.8430993411731024
0.8430993411731024,0.5664793072776706
0.5664793072776706,1.7174997108720556
1.7174997108720556,1.1049705959426153
1.1049705959426153,-1.4092294704992583
-1.4092294704992583,0.5126571773915303
0.5126571773915303,0.8832477056619591
0.8832477056619591,0.3552341326315184
0.3552341326315184,-0.3673866949419535
-0.3673866949419535,-0.148281276341889
-0.148281276341889,-0.042422527073365385
-0.042422527073365385,0.06446873925260635
0.06446873925260635,0.026735510724539745
0.026735510724539745,-0.44766491047532786
-0.44766491047532786,-0.5534624664369495
-0.5534624664369495,-0.6738905443495453
-0.6738905443495453,-0.8352817935981386
-0.8352817935981386,0.725218287598086
0.725218287598086,0.1932888814970997
0.1932888814970997,-1.2631569322586818
-1.2631569322586818,-1.8809956361519202
-1.8809956361519202,0.7658485947092026
0.7658485947092026,-0.23149901433568976
-0.23149901433568976,0.560206213359762
0.560206213359762,0.5902827580596415
0.5902827580596415,-0.478176754318717
-0.478176754318717,-0.39281094253141213
-0.39281094253141213,-0.6305130619386186
-0.6305130619386186,-0.28280868969223677
-0.28280868969223677,-0.8292318126838105
-0.8292318126838105,-0.4342327367949397
-0.4342327367949397,-3.618366127335285
-3.618366127335285,-1.895803458980408
-1.895803458980408,0.6306041699618199
0.6306041699618199,-2.905048661795787
-2.905048661795787,2.115016065999608
2.115016065999608,-0.08081855419019192
-0.08081855419019192,-0.16366204276144553
-0.16366204276144553,0.5272265675543989
0.5272265675543989,1.097666333961622
1.097666333961622,0.8101166923744076
0.8101166923744076,1.9178382089234702
1.9178382089234702,0.5686619031765456
0.5686619031765456,-0.8998197203536717
-0.8998197203536717,0.8196649394215654
0.8196649394215654,0.8652006077587459
0.8652006077587459,-1.3387375218347677
-1.3387375218347677,-0.2708086847468416
-0.2708086847468416,0.0166084679849988
0.0166084679849988,-0.09446963638701704
-0.09446963638701704,-1.8903751463150134
-1.8903751463150134,-0.33990414348812203
-0.33990414348812203,-0.21458547828332447
-0.21458547828332447,1.37325896996605
1.37325896996605,-1.2724816447188934
-1.2724816447188934,-0.3444785896373994
-0.3444785896373994,0.232743289334824
0.232743289334824,0.24666982899141032
0.24666982899141032,-0.09423403779725197
-0.09423403779725197,-0.02125065780161338
-0.02125065780161338,0.6289980531879864
0.6289980531879864,-1.7096974287119333
-1.7096974287119333,-4.074479560732596
-4.074479560732596,-3.646424630864126
-3.646424630864126,3.2002193217196337
3.2002193217196337,-1.945804769790861
-1.945804769790861,-0.6908366539132795
-0.6908366539132795,1.6392536498657981
1.6392536498657981,1.8704784515250477
1.8704784515250477,0.31524464310850187
0.31524464310850187,-0.05277848459191864
-0.05277848459191864,0.3585055409635042
0.3585055409635042,1.2892177757413188
1.2892177757413188,0.20664832552134005
0.20664832552134005,-1.414183880470473
-1.414183880470473,0.3781982746196745
0.3781982746196745,0.0874677815107997
0.0874677815107997,-0.6499724320859507
-0.6499724320859507,3.1179104307300625
3.1179104307300625,0.4309560956954414
0.4309560956954414,0.48374035980662156
0.48374035980662156,-0.3155989035123266
-0.3155989035123266,0.5913306403736375
0.5913306403736375,1.044121036833009
1.044121036833009,-1.9733473953780354
-1.9733473953780354,-0.3540978777172698
-0.3540978777172698,-0.22610193555174063
-0.22610193555174063,2.0979888822553487
2.0979888822553487,1.703042609956901
1.703042609956901,0.4505729773739689
0.4505729773739689,0.14473769900597064
0.14473769900597064,0.06836881601071759
0.06836881601071759,0.25769586409521505
0.25769586409521505,-0.9747649523822335
-0.9747649523822335,0.5872939890195924
0.5872939890195924,0.23247292871693404
0.23247292871693404,0.3078272311919828
0.3078272311919828,-1.482487889033192
-1.482487889033192,-0.2265183143758837
-0.2265183143758837,0.07442348705687009
0.07442348705687009,-0.6731290543069005
-0.6731290543069005,1.1607111603803835
1.1607111603803835,0.1257371708457978
0.1257371708457978,-0.7724425808747177
-0.7724425808747177,-0.2949046229360174
-0.2949046229360174,-0.35664563637247554
-0.35664563637247554,0.4222420674941105
0.4222420674941105,0.297921398399329
0.297921398399329,-0.7177748030063362
-0.7177748030063362,1.2981573379648805
1.2981573379648805,-1.3863406192535055
-1.3863406192535055,1.7086713028270677
1.7086713028270677,-0.5802927738291214
-0.5802927738291214,-0.045907649652968584
-0.045907649652968584,-0.8089203468417845
-0.8089203468417845,0.46382494064451196
0.46382494064451196,-1.711019411445269
-1.711019411445269,-0.8769525248109876
-0.8769525248109876,0.40260973956097584
0.40260973956097584,-0.39728505692927807
-0.39728505692927807,0.9927537676072875
0.9927537676072875,0.8114844588083916
0.8114844588083916,-0.7076809635147276
-0.7076809635147276,0.42451295517320303
0.42451295517320303,3.750545728000358
3.750545728000358,0.7384871357139337
0.7384871357139337,0.07041095779685436
0.07041095779685436,-0.2822971084446339
-0.2822971084446339,1.0331655358170226
1.0331655358170226,-1.909540322031973
-1.909540322031973,-0.7762094158837546
-0.7762094158837546,-0.42652069913172785
-0.42652069913172785,-0.6591671544537056
-0.6591671544537056,-1.255621276488366
-1.255621276488366,-0.1351181825349987
-0.1351181825349987,0.5921985053327593
0.5921985053327593,0.5162386289618321
0.5162386289618321,0.24086029876323534
0.24086029876323534,-0.8145999727172649
-0.8145999727172649,0.49158301728440645
0.49158301728440645,0.4742305243716043
0.4742305243716043,0.600482133316592
0.600482133316592,0.1048916513787664
0.1048916513787664,-0.5342415384272754
-0.5342415384272754,-1.0107983840623052
-1.0107983840623052,0.5752546172425687
0.5752546172425687,-0.6344618844787966
-0.6344618844787966,1.0392756999290884
1.0392756999290884,0.4121544580055468
0.4121544580055468,0.2097638534767998
0.2097638534767998,-0.8606427577035888
-0.8606427577035888,-1.4203218472898662
-1.4203218472898662,-0.9101695588053003
-0.9101695588053003,-0.5480353578312045
-0.5480353578312045,-2.31485409235359
-2.31485409235359,1.0767517477071478
1.0767517477071478,-0.7491227506510509
-0.7491227506510509,-2.229057840099148
-2.229057840099148,0.875593912692748
0.875593912692748,0.07280070643637856
0.07280070643637856,0.6912527655791978
0.6912527655791978,-0.48625201999652456
-0.48625201999652456,-2.1253639145756145
-2.1253639145756145,-0.11944071885636066
-0.11944071885636066,-0.4873109435140652
-0.4873109435140652,0.06577020980204731
0.06577020980204731,0.09802497676507867
0.09802497676507867,-0.005764249026239687
-0.005764249026239687,-1.2721432485613322
-1.2721432485613322,1.1993230030012756
1.1993230030012756,0.15055702086412667
0.15055702086412667,-0.4576583573281464
-0.4576583573281464,-0.6192330802879925
-0.6192330802879925,1.1857346916414235
1.1857346916414235,0.35871846668904295
0.35871846668904295,-1.8074296857515444
-1.8074296857515444,-0.6410156036833514
-0.6410156036833514,-1.580100052403964
-1.580100052403964,-2.197989564173123
-2.197989564173123,0.2115279310081895
0.2115279310081895,0.4683100981093457
0.4683100981093457,0.9337420231760559
0.9337420231760559,1.3433877895958275
1.3433877895958275,-1.189100644188607
-1.189100644188607,0.7805930385663875
0.7805930385663875,1.3181514323664236
1.3181514323664236,0.9377716434528574
0.9377716434528574,0.0004324076742036124
0.0004324076742036124,0.017125347040268364
0.017125347040268364,-1.2839405457129613
-1.2839405457129613,-0.4320120912061155
-0.4320120912061155,5.482265499809521
5.482265499809521,-0.4809922201009149
-0.4809922201009149,2.170060387452884
2.170060387452884,0.5682818036413232
0.5682818036413232,-0.9463612277940772
-0.9463612277940772,0.975843043752167
0.975843043752167,-0.664617161593635
-0.664617161593635,-0.5708554308194581
-0.5708554308194581,-0.08204602433473909
-0.08204602433473909,0.45888352024467505
0.45888352024467505,1.0981162257927402
1.0981162257927402,0.46838351134037387
0.46838351134037387,-0.08340704402756473
-0.08340704402756473,-0.5596185318583012
-0.5596185318583012,-0.4535065906537434
-0.4535065906537434,-0.22597726949535185
-0.22597726949535185,0.09141191425636926
0.09141191425636926,0.8211221915626797
0.8211221915626797,0.03932111937447015
0.03932111937447015,-0.8205582704884803
-0.8205582704884803,0.359702239382425
0.359702239382425,-0.4309197567891663
-0.4309197567891663,0.715431821482342
0.715431821482342,3.611913548721187
3.611913548721187,0.9036360924146501
0.9036360924146501,0.3431552873886264
0.3431552873886264,0.569523804807026
0.569523804807026,0.5196632845762312
0.5196632845762312,-0.18529294741104008
-0.18529294741104008,1.1677584747552743
1.1677584747552743,-0.40555555334228943
-0.40555555334228943,-0.6660346958937889
-0.6660346958937889,0.28468472713456583
0.28468472713456583,0.6859047706397424
0.6859047706397424,-0.1323364970142075
-0.1323364970142075,0.1020613588442007
0.1020613588442007,0.7853875062777124
0.7853875062777124,-1.2685615699498876
-1.2685615699498876,-0.6052535256723126
-0.6052535256723126,0.884697115021637
0.884697115021637,0.10513598271270011
0.10513598271270011,0.061033400562124904
0.061033400562124904,0.752143149739223
0.752143149739223,1.3822792194458393
1.3822792194458393,-0.5878435504685461
-0.5878435504685461,0.573034555600018
0.573034555600018,0.2324093801322295
0.2324093801322295,-1.0393141543270918
-1.0393141543270918,0.6546956887821234
0.6546956887821234,-0.3749844150595565
-0.3749844150595565,0.2520862112473429
0.2520862112473429,0.30652454797788464
0.30652454797788464,-0.4729943064442193
-0.4729943064442193,-0.45425229605919815
-0.45425229605919815,-0.4872370489630309
-0.4872370489630309,-0.32631193984965745
-0.32631193984965745,0.4603149305851755
0.4603149305851755,-0.29375865758406283
-0.29375865758406283,1.5937474631570736
1.5937474631570736,-0.9204624410860195
-0.9204624410860195,0.36551574514215557
0.36551574514215557,-2.8033914560595883
-2.8033914560595883,0.4401318467502768
0.4401318467502768,1.7089261593418446
1.7089261593418446,0.5144768358088372
0.5144768358088372,-0.9052803164105919
-0.9052803164105919,0.8068626753756274
0.8068626753756274,0.11741208346266183
0.11741208346266183,-0.41706083438945485
-0.41706083438945485,-0.7938564521499242
-0.7938564521499242,-0.8585848861250048
-0.8585848861250048,-0.1560757729550869
-0.1560757729550869,-0.41769404830289913
-0.41769404830289913,-0.5390517955863082
-0.5390517955863082,-0.7278087071762379
-0.7278087071762379,-0.06059721788508606
-0.06059721788508606,0.580419673739482
0.580419673739482,1.6872065199481316
1.6872065199481316,-0.5398096178341615
-0.5398096178341615,-0.11492337215350176
-0.11492337215350176,-0.9011831747070932
-0.9011831747070932,0.4084033658635375
0.4084033658635375,2.02127639917936
2.02127639917936,-0.13820228980127916
-0.13820228980127916,-0.8212988749407764
-0.8212988749407764,0.7866753014747917
0.7866753014747917,0.5022810177747625
0.5022810177747625,-0.7177658747539865
-0.7177658747539865,0.46065651540851843
0.46065651540851843,-2.4549446115361153
-2.4549446115361153,-1.0218034161094678
-1.0218034161094678,0.5341854693317153
0.5341854693317153,0.24330117614387306
0.24330117614387306,0.665552753694779
0.665552753694779,1.3734933252726063
1.3734933252726063,-0.8482231390461418
-0.8482231390461418,3.101560493182484
3.101560493182484,0.6070557179572509
0.6070557179572509,0.8674859632208564
0.8674859632208564,0.6860183842236506
0.6860183842236506,-0.7769972075556081
-0.7769972075556081,1.4152330310816599
1.4152330310816599,0.14629358540314322
0.14629358540314322,0.0820496769178671
0.0820496769178671,-0.6769617867336117
-0.6769617867336117,0.520534554424403
0.520534554424403,-0.41573485198436727
-0.41573485198436727,-0.06650655414986827
-0.06650655414986827,-0.3024019019968072
-0.3024019019968072,-0.38722512600421105
-0.38722512600421105,0.2278978997712612
0.2278978997712612,0.6943836520535394
0.6943836520535394,0.6733778459380872
0.6733778459380872,-0.34961431654919506
-0.34961431654919506,0.4169147809148768
0.4169147809148768,0.34042511673974213
0.34042511673974213,0.181574541807118
0.181574541807118,0.009052531129706736
0.009052531129706736,-0.9935638983941134
-0.9935638983941134,-0.02272659212239053
-0.02272659212239053,-0.4040795203579023
-0.4040795203579023,1.1076507136651381
1.1076507136651381,-1.1349838735943847
-1.1349838735943847,0.8120364531681639
0.8120364531681639,0.09877234027000655
0.09877234027000655,2.635325395378132
2.635325395378132,1.9302003503991971
1.9302003503991971,-2.142497011461246
-2.142497011461246,-0.23092665483429406
-0.23092665483429406,0.02107537171740585
0.02107537171740585,-0.2858627978426647
-0.2858627978426647,0.9955178282928119
0.9955178282928119,0.33467820575096346
0.33467820575096346,-0.670217789462616
-0.670217789462616,-0.9608486090007216
-0.9608486090007216,-0.8258200370747303
-0.8258200370747303,1.4756282222719672
1.4756282222719672,0.3273012301914777
0.3273012301914777,0.4392737717977237
0.4392737717977237,0.5215472530653947
0.5215472530653947,0.0032805951361903323
0.0032805951361903323,-1.1942361476023677
-1.1942361476023677,-0.7804468913145848
-0.7804468913145848,0.6617152236893679
0.6617152236893679,1.118687736922816
1.118687736922816,-0.15688276736628823
-0.15688276736628823,1.3048412652437547
1.3048412652437547,-0.0445611746632916
-0.0445611746632916,-1.1097072616120351
-1.1097072616120351,0.007626640064920751
0.007626640064920751,-1.0703693702021284
-1.0703693702021284,0.018513409034638422
0.018513409034638422,0.614182531903594
0.614182531903594,-0.4091601874350099
-0.4091601874350099,0.15606524580641778
0.15606524580641778,0.35420227173247865
0.35420227173247865,0.2750737910387286
0.2750737910387286,-0.3423015470631206
-0.3423015470631206,-0.6260585069319898
-0.6260585069319898,-0.9828454080960675
-0.9828454080960675,-0.9313747041915719
-0.9313747041915719,0.33077936926422513
0.33077936926422513,-0.9282728098677858
-0.9282728098677858,0.9164671132381349
0.9164671132381349,0.3906100439829489
0.3906100439829489,-0.1028092642776763
-0.1028092642776763,-0.5367019374214198
-0.5367019374214198,-0.33509067495188616
-0.33509067495188616,0.16221587600695167
0.16221587600695167,0.4509535785212533
0.4509535785212533,-0.215731386816739
-0.215731386816739,0.4241949904148973
0.4241949904148973,0.2096500905482441
0.2096500905482441,0.916457915381201
0.916457915381201,0.24047440920946742
0.24047440920946742,0.7746618300921925
0.7746618300921925,-0.3708675678647167
-0.3708675678647167,-0.5353918158233996
-0.5353918158233996,0.2786891631785963
0.2786891631785963,0.5638288229487219
0.5638288229487219,-0.3362193159375192
-0.3362193159375192,0.2094314137389591
0.2094314137389591,-0.15582638043208083
-0.15582638043208083,0.11592704536089424
0.11592704536089424,-0.23927602387426702
-0.23927602387426702,-0.8064785731328099
-0.8064785731328099,1.7012001692142438
1.7012001692142438,0.7386490253138801
0.7386490253138801,-1.2776268876164347
-1.2776268876164347,0.7341648041413172
0.7341648041413172,-0.2003465068714716
-0.2003465068714716,-0.18618952687455634
-0.18618952687455634,-0.28286954649423435
-0.28286954649423435,-0.047339723736697266
-0.047339723736697266,-0.5943990794301576
-0.5943990794301576,0.0386820919204932
0.0386820919204932,-0.5446782101007124
-0.5446782101007124,0.5080667698550235
0.5080667698550235,0.34796901528025304
0.34796901528025304,0.15980103041555424
0.15980103041555424,-0.21762925459280277
-0.21762925459280277,0.060453796950049314
0.060453796950049314,-0.10634533986110009
-0.10634533986110009,0.7473724991762152
0.7473724991762152,0.2716195005597004
0.2716195005597004,-0.040255611114265955
-0.040255611114265955,-0.2564586239758588
-0.2564586239758588,-0.5178161213286426
-0.5178161213286426,0.9589939384966281
0.9589939384966281,0.23932768178129066
0.23932768178129066,0.41480252320247635
0.41480252320247635,-0.5411523024481558
-0.5411523024481558,-0.3509195886115518
-0.3509195886115518,0.04480586811260673
0.04480586811260673,-0.02845059047759843
-0.02845059047759843,0.32998343644399974
0.32998343644399974,-1.6134535285665597
-1.6134535285665597,0.8496116173154219
0.8496116173154219,-0.39380463295659063
-0.39380463295659063,0.1568618601734563
0.1568618601734563,-0.01064637437850563
-0.01064637437850563,0.1939830729508822
0.1939830729508822,-0.10512669404564237
-0.10512669404564237,0.3421368407963207
0.3421368407963207,0.43613401166183263
0.43613401166183263,-0.6343129034053415
-0.6343129034053415,0.28245251927473397
0.28245251927473397,0.18772826101137052
0.18772826101137052,-0.47551713858186523
-0.47551713858186523,-0.9926178820338081
-0.9926178820338081,0.38443305391830285
0.38443305391830285,-0.22238332257334928
-0.22238332257334928,-0.4720339188382729
-0.4720339188382729,0.02181540223581077
0.02181540223581077,1.465266820785601
1.465266820785601,-0.09133649503215922
-0.09133649503215922,-1.3206144011080283
-1.3206144011080283,0.8108719182292982
0.8108719182292982,0.00885573231600436
0.00885573231600436,1.2711986390515913
1.2711986390515913,-1.0889352460800648
-1.0889352460800648,0.8077571923642544
0.8077571923642544,1.3404231848889516
1.3404231848889516,0.0555071253219228
0.0555071253219228,-0.4300072390263477
-0.4300072390263477,0.08852503319057274
0.08852503319057274,-0.09345940933731128
-0.09345940933731128,0.5777167036014705
0.5777167036014705,-1.0445211874752556
-1.0445211874752556,0.9934427471598402
0.9934427471598402,-0.06811366872678158
-0.06811366872678158,0.8461447679418562
0.8461447679418562,-2.266176315875058
-2.266176315875058,0.27561538852849177
0.27561538852849177,1.1171858317254035
1.1171858317254035,-0.2765656008065536
-0.2765656008065536,-0.6279905744806108
-0.6279905744806108,0.0750856627502859
0.0750856627502859,-0.1430982596330831
-0.1430982596330831,0.5608875012790147
0.5608875012790147,0.06203480618827086
0.06203480618827086,0.19683469661069394
0.19683469661069394,-0.3436328111917578
-0.3436328111917578,-1.0974551096006389
-1.0974551096006389,0.3192305662132546
0.3192305662132546,0.040456112050369336
0.040456112050369336,0.43684700989535846
0.43684700989535846,2.5019008461418215
2.5019008461418215,-0.7534350608060187
-0.7534350608060187,-0.6756831070614915
-0.6756831070614915,-0.4755052135538016
-0.4755052135538016,0.11021217015747892
0.11021217015747892,-0.0809676864707341
-0.0809676864707341,1.5225254719097117
1.5225254719097117,-1.0749342674103886
-1.0749342674103886,-0.7286660827027978
-0.7286660827027978,-0.5701450236494446
-0.5701450236494446,-0.65528319766024
-0.65528319766024,-1.6285007090667354
-1.6285007090667354,-0.06015914944143595
-0.06015914944143595,-0.5768312417520944
-0.5768312417520944,-0.7326245311184607
-0.7326245311184607,-0.1303995007105561
-0.1303995007105561,1.1203899076792574
1.1203899076792574,0.29884950424508916
0.29884950424508916,0.26064378563420965
0.26064378563420965,0.7814288325973499
0.7814288325973499,-0.1025879529517581
-0.1025879529517581,-0.5372280338269603
-0.5372280338269603,-0.01560033787930371
-0.01560033787930371,-0.15665529296877528
-0.15665529296877528,-0.44644502046589135
-0.44644502046589135,-0.7882495105758945
-0.7882495105758945,-0.11341484772170367
-0.11341484772170367,0.3474954189273736
0.3474954189273736,-0.40506687851419293
-0.40506687851419293,0.11207480943536806
0.11207480943536806,0.02654189125187363
0.02654189125187363,-0.3435743810474615
-0.3435743810474615,-0.004348940141317349
-0.004348940141317349,0.1032453550277786
0.1032453550277786,0.04100695637405079
0.04100695637405079,0.839676931512252
0.839676931512252,0.8765255315817101
0.8765255315817101,0.8965160801291505
0.8965160801291505,-1.1075051151924475
-1.1075051151924475,0.7439034885112881
0.7439034885112881,0.7060944041427348
0.7060944041427348,-1.2873702750809948
-1.2873702750809948,0.6337203353669539
0.6337203353669539,0.3738084230754699
0.3738084230754699,-0.4006228534678594
-0.4006228534678594,-0.3978117362238638
-0.3978117362238638,-0.8130285084948139
-0.8130285084948139,-0.1975094773811803
-0.1975094773811803,-0.7599975978993789
-0.7599975978993789,0.5265205641987312
0.5265205641987312,-0.11520162773429807
-0.11520162773429807,-0.5714721425733448
-0.5714721425733448,1.0178837902094142
1.0178837902094142,-1.0991539227057983
-1.0991539227057983,0.052677298631542406
0.052677298631542406,-0.4512225899064799
-0.4512225899064799,-0.2456347394596921
-0.2456347394596921,0.18948956974597847
0.18948956974597847,0.24820497696452656
0.24820497696452656,-0.6221099947289229
-0.6221099947289229,0.1336582089293336
0.1336582089293336,-0.2948399079385793
-0.2948399079385793,-1.8751430627744294
-1.8751430627744294,-1.2098277691356563
-1.2098277691356563,-0.620799979062312
-0.620799979062312,0.7850741188904449
0.7850741188904449,0.4595238305557696
0.4595238305557696,-0.04044347297379938
-0.04044347297379938,-1.2646282409672072
-1.2646282409672072,-0.5840084933142061
-0.5840084933142061,0.4472454890071541
0.4472454890071541,0.5807911510033646
0.5807911510033646,-0.8396562594498215
-0.8396562594498215,0.18224637356844567
0.18224637356844567,0.12980205027464808
0.12980205027464808,-0.26878523391130976
-0.26878523391130976,0.5598606930896731
0.5598606930896731,0.8818575208934243
0.8818575208934243,-0.8478193440696604
-0.8478193440696604,0.2826231802956501
0.2826231802956501,-0.02293750670359001
-0.02293750670359001,0.8106592563454237
0.8106592563454237,0.8202526627314944
0.8202526627314944,0.07193926378552706
0.07193926378552706,0.13796559735046787
0.13796559735046787,-0.9641645851165996
-0.9641645851165996,0.21599189926808926
0.21599189926808926,0.021316350423164612
0.021316350423164612,-0.8433744872566169
-0.8433744872566169,0.6621214884373418
0.6621214884373418,-0.6185272308157661
-0.6185272308157661,1.622899642280682
1.622899642280682,0.6966906482020717
0.6966906482020717,0.23439328322410607
0.23439328322410607,0.9231306272597369
0.9231306272597369,0.4025480051327051
0.4025480051327051,-0.5859424522477826
-0.5859424522477826,-0.10938873935629766
-0.10938873935629766,0.7105537090207089
0.7105537090207089,-0.9610556289425185
-0.9610556289425185,-0.12895108717599835
-0.12895108717599835,-1.42807867759983
-1.42807867759983,-0.05609366996331302
-0.05609366996331302,-1.417428208561053
-1.417428208561053,0.5624991624401686
0.5624991624401686,-0.19379924259744527
-0.19379924259744527,2.1138770679435854
2.1138770679435854,-0.129342508211155
-0.129342508211155,-0.140936913814508
-0.140936913814508,0.0563050762705829
0.0563050762705829,1.958967891951808
1.958967891951808,-0.1259840365351597
-0.1259840365351597,0.10304354382270169
0.10304354382270169,1.290257340517545
1.290257340517545,-0.4801788601783129
-0.4801788601783129,0.0712066783352841
0.0712066783352841,-0.09838013963473045
-0.09838013963473045,-0.9462427026036867
-0.9462427026036867,-0.3902258267906154
-0.3902258267906154,-0.05039547192522711
-0.05039547192522711,0.5682005748845065
0.5682005748845065,0.05704505902739605
0.05704505902739605,0.6360259405797297
0.6360259405797297,0.721797867111294
0.721797867111294,-0.024145553153113408
-0.024145553153113408,0.01178444487786779
0.01178444487786779,-0.2604650172545108
-0.2604650172545108,0.6304216949638741
0.6304216949638741,-0.6480181805272149
-0.6480181805272149,0.472158777873734
0.472158777873734,-0.2722446602720689
-0.2722446602720689,-0.7124232071104856
-0.7124232071104856,-0.2165356213935658
-0.2165356213935658,1.1426046465546138
1.1426046465546138,0.29286937739595387
0.29286937739595387,-0.4906201505965711
-0.4906201505965711,0.5572207350796718
0.5572207350796718,-0.5894082039045992
-0.5894082039045992,0.8856979226018052
0.8856979226018052,-0.34435693298366
-0.34435693298366,-0.47719821999156903
-0.47719821999156903,-0.21200364995197207
-0.21200364995197207,-0.8707742011168005
-0.8707742011168005,-0.2439258220733098
-0.2439258220733098,0.4838094331155215
0.4838094331155215,-0.906598475506356
-0.906598475506356,-0.5437821764480836
-0.5437821764480836,0.15531395515131238
0.15531395515131238,0.23117673509815015
0.23117673509815015,0.07946447001550197
0.07946447001550197,-1.0604118429444251
-1.0604118429444251,0.5814723802780873
0.5814723802780873,0.18502218376259985
0.18502218376259985,-0.03622386820679063
-0.03622386820679063,0.52798190327826
0.52798190327826,-0.20446259809114484
-0.20446259809114484,0.16647563193134254
0.16647563193134254,0.035099740690645816
0.035099740690645816,-0.6299654563880086
-0.6299654563880086,0.14371397072932385
0.14371397072932385,0.6435370120524103
0.6435370120524103,-0.1219888813651185
-0.1219888813651185,-0.6227171731469068
-0.6227171731469068,0.28958587944566083
0.28958587944566083,0.34731765390902875
0.34731765390902875,0.9233594359219547
0.9233594359219547,0.7206443668609438
0.7206443668609438,0.10321266949346981
0.10321266949346981,0.5730077846972647
0.5730077846972647,-0.7977352465481272
-0.7977352465481272,0.7047855000077424
0.7047855000077424,1.3934901299902687
1.3934901299902687,-0.5551186824011175
-0.5551186824011175,1.1124189975791603
1.1124189975791603,0.523634413105423
0.523634413105423,-0.3007459073830661
-0.3007459073830661,-0.601622813467029
-0.601622813467029,-0.35505384303956306
-0.35505384303956306,0.5525524719694709
0.5525524719694709,-0.19137122568497844
-0.19137122568497844,-0.9130484727740843
-0.9130484727740843,0.3754921818041109
0.3754921818041109,-1.0160465050741727
-1.0160465050741727,-0.014741311226678098
-0.014741311226678098,0.2433207603271962
0.2433207603271962,0.8131157297997489
0.8131157297997489,0.37975854354283234
0.37975854354283234,0.5597357135081683
0.5597357135081683,-1.614471279932041
-1.614471279932041,0.27070726527517885
0.27070726527517885,-0.6322198693229483
-0.6322198693229483,-0.20543873704580337
-0.20543873704580337,-1.1655570936636475
-1.1655570936636475,-0.24110604588325762
-0.24110604588325762,0.8514536312324233
0.8514536312324233,1.438173108708468
1.438173108708468,1.2838153513788189
1.2838153513788189,0.026503395868770867
0.026503395868770867,1.4400313781754206
1.4400313781754206,-0.3084303964275259
-0.3084303964275259,-1.165152518968443
-1.165152518968443,-0.6483660252623984
-0.6483660252623984,-0.9394353572403543
-0.9394353572403543,0.10418946603195964
0.10418946603195964,-0.5435902005731085
-0.5435902005731085,0.17218493097197932
0.17218493097197932,-0.5348822687087159
-0.5348822687087159,0.18601233697477887
0.18601233697477887,0.70090109428509
0.70090109428509,0.28310711692525686
0.28310711692525686,0.3978648218390256
0.3978648218390256,-0.7471799019563756
-0.7471799019563756,0.07179929070548864
0.07179929070548864,-1.4539808906295384
-1.4539808906295384,1.2271281410949244
1.2271281410949244,0.291625360459195
0.291625360459195,0.17517745954177968
0.17517745954177968,0.07570220075384196
0.07570220075384196,1.3074922493477779
1.3074922493477779,-0.14387900107648768
-0.14387900107648768,0.25140620743897524
0.25140620743897524,-1.337788792776308
-1.337788792776308,-1.0082439884250352
-1.0082439884250352,-0.309655597079901
-0.309655597079901,-0.3852208884344709
-0.3852208884344709,-0.1541675027744589
-0.1541675027744589,0.21809187063633925
0.21809187063633925,-0.40290458561176923
-0.40290458561176923,-0.5456177489348156
-0.5456177489348156,-0.4956492911890018
-0.4956492911890018,0.6590593629786539
0.6590593629786539,0.0915720326572943
0.0915720326572943,1.3567442019553375
1.3567442019553375,0.742873517228737
0.742873517228737,-0.21218194801224177
-0.21218194801224177,-0.3500382515156812
-0.3500382515156812,-0.04790285243652919
-0.04790285243652919,1.9465583229238357
1.9465583229238357,1.1306094693642306
1.1306094693642306,-0.5257626559980954
-0.5257626559980954,-0.40847504779250626
-0.40847504779250626,1.2648325260599376
1.2648325260599376,0.9569909700900147
0.9569909700900147,0.8046693886769822
0.8046693886769822,-0.05362135999208158
-0.05362135999208158,0.7797481554394496
0.7797481554394496,0.5893189384050647
0.5893189384050647,-0.3189156046198971
-0.3189156046198971,0.7950844020893496
0.7950844020893496,-1.1607793853740833
-1.1607793853740833,-0.33423098245695376
-0.33423098245695376,0.16366696769976083
0.16366696769976083,0.04884673849548667
0.04884673849548667,-0.4111611305138869
-0.4111611305138869,0.7702825849430643
0.7702825849430643,0.2955859799423318
0.2955859799423318,-0.15739977662298008
-0.15739977662298008,-0.4928755394316446
-0.4928755394316446,-0.061320863975581064
-0.061320863975581064,-1.3918584170969919
-1.3918584170969919,-0.20343282675567298
-0.20343282675567298,0.32621986195671654
0.32621986195671654,0.2556899326703663
0.2556899326703663,-0.6786582417053382
-0.6786582417053382,-0.4651683191125984
-0.4651683191125984,0.9956285195785872
0.9956285195785872,0.3216732327915465
0.3216732327915465,0.20758015478385825
0.20758015478385825,1.2741513212170565
1.2741513212170565,0.5906794049997894
0.5906794049997894,0.6672806836683494
0.6672806836683494,-1.0807147875781011
-1.0807147875781011,0.7082030017596255
0.7082030017596255,0.399324918277132
0.399324918277132,-0.3437539633388695
-0.3437539633388695,0.43657195132249904
0.43657195132249904,1.2815736122546157
1.2815736122546157,0.2769156358290117
0.2769156358290117,0.4128252642248983
0.4128252642248983,0.5215514890080732
0.5215514890080732,1.2866818014188028
1.2866818014188028,-0.08495286094926785
-0.08495286094926785,-0.07812289638384656
-0.07812289638384656,0.42549179750343563
0.42549179750343563,-0.6149775675725238
-0.6149775675725238,0.6303000275288598
0.6303000275288598,-0.44519594811873775
-0.44519594811873775,-0.38951677258082656
-0.38951677258082656,0.5932949732678882
0.5932949732678882,0.24484277760779033
0.24484277760779033,-0.03124506180357286
-0.03124506180357286,-0.5715611774941285
-0.5715611774941285,-0.11761818188547983
-0.11761818188547983,-1.5060548388792543
-1.5060548388792543,0.6659350712733868
0.6659350712733868,-2.1866491091235263
-2.1866491091235263,-1.036671415127318
-1.036671415127318,1.2019331130391777
1.2019331130391777,-0.052505320576966705
-0.052505320576966705,0.7274679702955658
0.7274679702955658,-0.5825942029767821
-0.5825942029767821,0.2902426972512426
0.2902426972512426,-0.0186764537093254
-0.0186764537093254,0.8081931210656583
0.8081931210656583,0.9349674746922563
0.9349674746922563,0.5213249095950264
0.5213249095950264,-0.2059936011836641
-0.2059936011836641,-0.12602140362094177
-0.12602140362094177,0.5554496904729987
0.5554496904729987,0.6460454518986841
0.6460454518986841,-0.33440582622662024
